low_resource_lang,high_resource_lang,type_experiment,low_perplexity_before,low_perplexity_after_training_iterations,low_perplexity_after_training_epochs
Atikamekw,None,tree,61.71559963621765,,
Cheyenne,None,tree,28.5227509380553,,
Tsonga,Swahili,tree,40.405174766927765,"[24.331803731787844, 25.87190033524188, 28.2128384779253, 30.656692031298086, 32.726944207323704, 35.38745159183741, 37.23318826939752, 39.78095531936595, 43.863047064855046, 44.98982262388372, 50.37406750831062, 51.99084044105573, 58.24899230720379, 61.81579499631173, 65.94875763795125, 66.06525960836701, 60.95967852521258, 68.74655732023571, 72.51987919877152, 66.46103543798817]","[74.56051957167855, 93.32734846136974, 117.26906327966685, 174.50223802247274, 833.5504399650215, 800.5085697417636, 829.0718620833649, 890.2705458218645, 849.6696819336232, 839.5081175447672, 842.3471232936733, 827.1181548163354, 929.8340818987427, 893.6987783748093, 921.7232149702576, 947.7632192076321, 912.88525131911, 918.0140505151677, 936.8716373339302, 902.9374139273848]"
Rundi,Swahili,tree,21.92062834441432,"[9.783177291629537, 9.504213022559103, 10.438879371083729, 11.217135834123019, 12.618316793399828, 13.586367428924623, 14.020592800937585, 14.849044401156501, 15.990761141233385, 16.221803976972268, 19.075299887737014, 19.68475077424226, 22.548932168896734, 23.58057095889345, 24.51184712532129, 25.543084871412013, 24.772605478933077, 28.490658706884396, 29.71552230622148, 26.692419694083746]",
Swati,Swahili,tree,40.65004975365579,"[21.69934452965862, 22.0250908277803, 23.379803859554045, 26.49391381708981, 30.991153341473083, 31.232205138380728, 33.9715840481864, 36.45035071876124, 41.129180452961215, 42.13690743334329, 51.72991125683401, 50.44816601916715, 56.76126985172931, 61.05106117445947, 65.5184154808101, 70.155924837117, 71.69591394608129, 79.66002051970877, 82.80219640451136, 78.1169254880628]",
Kongo,Swahili,tree,26.460540726650468,"[7.713420520893267, 4.89219248354804, 4.663092440242795, 4.876821602416078, 4.7363706117094955, 4.712562963904129, 5.155591340268009, 5.113559417654461, 5.48282826991687, 5.6686083584029765, 5.980679701928869, 6.199685432502744, 6.373729090944756, 6.278232834894532, 6.37040250809284, 6.885616817054541, 6.721322002326298, 6.8480112501538235, 7.16425281655105, 7.059141550682192]",
Sesotho,Swahili,tree,12.76642017290835,"[6.988791127810496, 7.041071858880044, 8.260619822976217, 9.36706441320794, 10.812962537067945, 12.959601285198483, 13.756416635750442, 15.722022372676046, 19.795278744600672, 20.745743887655355, 24.292351635581493, 25.495891105610376, 30.452390796722714, 31.441201585140846, 35.9537584043349, 40.529849267774054, 39.24189070708073, 43.18003972803852, 49.231479730248644, 45.1603232768205]",
Venda,Swahili,tree,31.94734744135321,"[14.704073456904572, 11.890778713618355, 12.19512883634748, 13.003165380649655, 13.513412150655952, 13.708783665007163, 15.028568052965998, 14.793605934451456, 15.871447147913935, 15.074886583133733, 17.704652065152814, 17.500886626171283, 19.288372603271476, 20.243792737954685, 18.63318736490453, 21.434943594235126, 20.480629500134754, 20.141757505272057, 21.878903070490995, 19.883777791958867]",
Chichewa,Swahili,tree,13.71968199451292,"[8.80345738815488, 10.358331509590489, 12.942179073436423, 15.390011043715436, 18.82460130887512, 22.08834049476695, 23.774377167866792, 27.71857288421707, 32.07575613567797, 34.15437493926257, 39.83206259490925, 41.245023177993424, 47.57208387604643, 50.24825480517999, 52.85466295907363, 59.86306998025875, 57.00106402952505, 61.31763328962105, 63.56619421690153, 61.2909667318014]",
Kikuyu,Swahili,tree,38.80790386685078,"[13.13208744993511, 8.902068049878471, 8.41892117431785, 8.792179292662182, 8.820847820064676, 8.634118353013369, 8.889447730241773, 8.989285414114118, 9.602606402637244, 9.622382186649439, 10.774816837087398, 10.278900486015397, 10.545009726313959, 10.881592745640079, 11.22515081173174, 11.935798591780543, 11.799815529148592, 11.863411094955211, 11.889566977816186, 10.714068447734858]",
Chamorro,Cebuano,tree,32.86730943556314,"[11.751032361214149, 8.892642902040357, 8.961972988722138, 8.281798406203016, 9.273684993049525, 9.481773055439993, 9.706093984453544, 10.066231226332096, 11.142925011633722, 10.698162813442105, 12.605682941902678, 11.40030175047906, 11.829833997408391, 12.549124307563284, 12.038591601709253, 13.618455792460734, 14.940080985829965, 16.232248328973565, 15.3479303556094, 14.35037450934409]",
Cantonese,Mandarin,tree,58.27080212371232,"[24.149091938180696, 23.710497282282386, 22.96074919761283, 28.565611736959326, 29.58093370052299, 28.92477256230134, 31.119993029154653, 31.71032663837695, 29.879858073390945, 30.234494332447074, 36.68916954061363, 36.00085988234343, 38.2061975391992, 43.979457024391536, 40.13013170378438, 41.73540071414409, 43.57338322409543, 39.413523052014014, 37.28660787356892, 39.61395977755232]",
Tok Pisin,Papiamentu,tree,30.811539764009456,"[19.774642228543403, 404.9449125681692, 371.00389408796934, 517.3786193958922, 424.48626829111953, 501.9605522338408, 414.09089213517177, 381.6203849188902, 418.81249452638974, 337.84368488522085, 296.3185443569439, 380.93494863372075, 348.2539159014342, 321.36441744325333, 323.86610723992317, 322.6166833102486, 335.12586347672305, 337.71201422495653, 326.5632628547879, 281.4983164017707]",
Bislama,Papiamentu,tree,32.15088285771382,"[17.54429120834783, 335.77190614454213, 298.3646319529665, 407.6306248234474, 315.67864217098287, 390.5451571840306, 284.4992478761433, 303.28521854508654, 324.35035393906463, 278.093819270641, 234.22535987396728, 298.44590366864446, 268.43117351653063, 231.1761203568055, 241.53092649087247, 247.00430654757767, 228.48635969073536, 252.74385063841177, 242.60238932608215, 213.0049170951502]",
Sranan,Papiamentu,tree,35.43978787420974,"[32.91767452745813, 556.879421321937, 674.531350474429, 1044.1294440532115, 997.7780274596971, 1258.1031507980254, 1013.9783368193963, 948.647158758979, 1155.2275230748853, 913.3917768500868, 731.5163152228399, 929.0514272505943, 819.6368683486398, 801.0478376129759, 751.7341848657461, 719.8053836708958, 688.8240882073661, 834.6419340902858, 760.3428972921159, 656.477648745984]",
Coptic,Hebrew (Modern),tree,4.72160877323721,"[4.011323026561634, 4.291753610331059, 4.149908906511406, 4.166893681128177, 4.472604417023807, 4.8619164922849984, 4.967054154425477, 5.200400065418724, 5.144608197321135, 7.005568166729219, 6.536984247414659, 9.249981730315916, 7.918123964645133, 8.002474652242958, 7.8161197813546135, 7.190032970741376, 6.733770795422107, 6.323893015965935, 6.688171899545442]","[13.030785356300573, 19.38989447432437, 3295.5164977457925, 2928.994144809276, 4113.771291263868, 3274.250757753932, 1938.576036675916, 2098.177962157901]"
Greenlandic (South),None,tree,35.55341627561791,,
Dagbani,Kabiyé,tree,47.80745032310027,"[44.72108451593041, 42.92975582392836, 39.382444674612, 38.88980284315646, 33.627913368619524, 32.63998340672657, 31.08426105399182, 30.325059899640188, 32.02169395462211, 31.85568761488699, 32.89672863274022, 34.498697197164184, 34.038145634411954, 38.02876962324563, 37.907605611873336, 40.12823222767151, 43.89635191807713, 41.66723452254136, 43.98355915097831, 43.508214492090325, 47.00363429224515]","[671.230495598592, 775.0996462213743, 789.838134587096, 838.2667065950895, 745.8878419552676, 747.4576750125937, 807.1276889144561, 794.0107898201268, 558.4715299295566, 434.89883099431034, 306.3829582463326]"
Bhojpuri,Hindi,tree,31.266129917862827,"[21.385323757523967, 19.11205656415928, 22.701582054481598, 23.73407456577166, 23.374497577370853, 24.880348311102416, 27.078945847823004, 25.289766987833737, 27.11537856873686, 27.659264997442225, 28.02330324330643, 22.854123385256255, 24.94436494699665, 25.214325451293533, 21.600604974519847, 24.36075352683623, 25.779641007968095, 25.300517950718103, 21.667632817557898, 22.34798018070784]","[29.315900223624098, 113.36451951579392, 119.06309339389537, 119.057397234877, 117.68963982509352, 292.6121779932456, 154.50224972870106, 148.91717995700208, 148.15161563377973, 143.8343688008845, 137.25107304662134]"
Romani (Lovari),Hindi,tree,25.10114923069534,"[13.580675930477929, 12.26705047628434, 12.605184050558584, 13.029959111810765, 14.720268297832149, 16.204301357787255, 20.13951933856817, 25.232250888609556, 32.47405694104434, 36.61098578342257, 41.186638653510734, 44.17503872989503, 51.18127097745449, 57.85498245688326, 48.208362791077796, 58.05777064849773, 52.024572798182064, 57.69714714166318, 53.623217455504964, 48.80590267954934]","[98.17245310830815, 1102.9381903088515, 1170.2634936708096, 1148.168017104894, 1121.1440640201051, 16955.267562158668, 7530.199683963619, 5883.7281506700865, 5750.378687040969, 4551.933535186153, 4879.902134273729]"
Kashmiri,Hindi,tree,26.26795843386032,"[15.312018132021363, 14.194470454517496, 14.994245576640598, 17.80496463728961, 20.32185589042591, 19.685461137962683, 22.016989730490383, 28.654819409107997, 35.367192491313055, 44.773901867289204, 51.16396630700661, 47.93795561846281, 49.822530070890906, 52.2819352056708, 49.84363096144972, 49.242397001026454, 53.020417183912606, 60.79252479313081, 54.52205798692477, 53.06188159438049]","[81.97133088734874, 4506.962040970322, 2727.4166850093998, 2268.88572966753, 1937.6206324055413, 25586.614835356813, 14101.030235182068, 14319.833598617362, 10969.486289969924, 9414.5313697258, 13592.213614889908]"
Kurmanji,Persian,tree,32.441479259341435,"[21.168350433245713, 17.665401672467407, 16.960309407526793, 16.252405190991585, 16.452018572291884, 16.875419844951058, 17.32149578734016, 21.05528934730312, 22.25705388804124, 26.46074155386987, 31.82841152057082, 36.97317965942226, 49.020291537952595, 58.43789426652598, 79.27844608747233, 102.39389534243053, 115.69015355578048, 173.385772123639, 177.04205620500696, 300.7025122710895]","[9029.58407716484, 3026.339799708086, 63854.131485004, 91895.705436186, 127612.78347618938, 76913.06682739101, 86977.91454965586, 72551.09881960988, 62601.54101542471, 96125.93378908513, 66435.62066760365]"
Tat (Muslim),Persian,tree,70.32385474160174,"[52.61306825294202,45.45567393224103,46.935699333693755,47.96826208967128,51.55860192306898, 52.44297627447055,51.776721712799095,59.204734902742636,57.363973251941566,61.422320456802446,62.32438919118528,66.13471398846126,76.3872704749541,83.96868424097946,89.63196085809965,99.0790503219063,105.8757855259885,115.59962585397157,114.55952870354243,130.48445830612107]","[51203.03721979531, 39790.16821068998, 156409.68897652457, 314773.31819858804, 569475.3344673311, 273241.0800941237, 378937.53893258143, 300723.26664340944, 306258.46732332365, 424644.84381568705, 252864.50013008152]"
Zhuang (Northern),Thai,tree,26.429984432715287,"[9.629849807007718, 8.2024421714794, 8.202595828352074, 7.6750399744153786, 8.012167581147452, 8.100139637455602, 8.188498770339825, 8.757388011532502, 9.085238709472998, 10.034626995399995, 10.694329947854495, 11.806613537148962, 12.981461546316961, 13.297247972256582, 14.342150303739997, 13.46539590990559, 13.773311395132863, 13.04629237730316, 12.195306104441674]",
Ewe,Swahili,tree,28.88396378596971,"[12.620566340885697, 11.529506281163002, 11.054380954293244, 12.482674499878717, 12.451246321069913, 13.551889948440293, 13.846652030568, 15.286618305892592, 16.730425916307645, 17.388250644188084, 18.49388572323961, 19.176079581384943, 21.231061638945995, 22.27307730875851, 22.965109867063006, 27.408892057279175, 26.51032253691423, 27.469733022089986, 32.580225371495445, 30.379514918038208]",
Akan,Swahili,tree,33.071736944221286,"[15.387989030466695, 14.57403903294374, 15.137200498894707, 16.35769062283822, 18.176111866669743, 19.494951070551227, 20.1617966369804, 20.45281545972042, 23.079682938301477, 23.576482644794655, 26.831024226841834, 26.349975048781086, 30.694536802088823, 33.286718729436615, 33.880126141903325, 36.57766282197343, 38.888791984510995, 39.00537833998286, 42.422160324881354, 38.49997657190711]",
Udi,Lezgian,tree,55.01103691952329,"[2152.1057506253196, 391.87786486289605, 375.8628440516953, 258.81764322867616, 119.96215558734906, 96.50776489166554, 410.3442262483979, 697.5094485245231, 728.7073152482484, 774.1447422069671, 781.9711417735319, 689.4577100850951, 620.168814300337, 552.2704628444574, 560.8882321733856, 795.951041074426, 518.9988288368336, 483.9363233855103, 487.74486051682885, 410.26311057324943]",
Tabassaran,Lezgian,tree,57.19463339391462,"[2019.7353098474907, 557.6531334606984, 463.551332333637, 265.61197288212855, 104.99411270118851, 73.16446318148986, 441.9600198689495, 826.6753007847714, 893.1332175723694, 846.5747815560137, 823.1579623449167, 779.1503870683313, 724.9167844770375, 659.2567255073069, 697.7117864008143, 860.7867806821687, 612.3819402313702, 614.845479335267, 653.1037666424418, 519.9028271609611]",
Tsakhur,Lezgian,tree,41.74491695967968,"[2143.648327744122, 637.5124278292913, 452.4193340267068, 137.28645684622504, 52.67668246809665, 36.9391646494158, 336.4001719631776, 1074.3757223947748, 1030.7407368424526, 969.6146897926245, 1034.723010961354, 870.590809378863, 818.015792246833, 748.1997142480839, 728.0174355941957, 1221.2129369833183, 531.0193138872615, 515.6387938528484, 496.37107872503367, 398.2431752726577]",
Madurese,Indonesian (Jakarta),tree,33.61127605525046,"[18.27786544467162, 14.342860696762019, 14.350046059096512, 14.381821434992634, 3486.723930995545, 1924.8567175756834, 1942.4311965146126, 1907.6419925350456, 1957.227369740576, 2390.561995820509, 2415.217399101435, 1235.3565643656711, 1055.984488274595, 824.0391134790483, 715.5083226179008, 575.9727290515607, 551.1188282596295, 480.99039060134197, 492.10491730216813, 427.2315449515719]","[386.83516540925524, 381.68764096264255, 371.79998834946446, 373.90241329675075, 368.84592192184135, 372.14864093049493, 374.40394111031486, 333.6353787961932, 326.34648153891965, 250.5542188357095, 228.16275879020276]"
Quiché,None,tree,165.78101082549614,,
Koryak,Chukchi,tree,88.66463582434505,"[57.03719709061972, 48.41816744046043, 47.02702292795193, 40.03408675666337, 37.52349376900263, 36.8540633405298, 36.261502266401, 35.67628832425125, 35.72705211606079, 175.66267759717107, 370.81887926229166, 378.6278799303366, 350.57955952390734, 376.246863173509, 405.2691324349488, 330.4126478711636, 340.9133442658171, 397.00990283941223, 334.81008682446844, 362.50789736070845]","[32.24223669001209, 37.54348793861712, 51.94908445591713, 52.07252828967801, 61.883098610708245, 73.82253850693058, 1726.9723601813623, 741.4119485890747, 618.1921529653373, 627.8068162764596, 587.6178747329321]"
Nadroga,Maori,tree,34.94238597430852,"[30.853883881260263, 29.33041229262999, 27.16976070744376, 23.916816664876663, 21.254176884496836, 21.035951762009063, 19.404941479279316, 18.349903913218892, 19.348291891443022, 18.956940076720045, 19.255165450273253, 141.20387973514383, 1347.6381335565943, 812.9346231510749, 619.6161834280308, 596.8663449973174, 583.1671011811744, 499.4406962923604, 477.42847318539026, 416.89467997277643]","[21.772406846481104, 29.283284670530904, 29.534028012705317, 28.32504727851575, 34.338281326339164, 35.37793513869014, 37.94735571329488, 37.31148392187196, 44.60838075167416, 50.35897774294343, 52.92457796307818]"
Nauruan,Maori,tree,42.16980753388992,"[37.41719782861054, 30.0480288510782, 27.483378045027578, 19.599206874293664, 16.076001618629764, 13.213478873018579, 12.767103467345793, 13.74117244685426, 12.81416469753389, 13.21140506269288, 11.986669128055626, 100.93711120702159, 478.3926944941224, 401.21440015608175, 280.26807574244793, 250.1762565945778, 234.56291730513186, 188.5685161914493, 163.72335574518388, 129.93767848900177]","[8.618137998895104, 8.480193385457822, 6.5479177013438825, 6.289869809384375, 6.438971098953992, 6.59840359790264, 6.581232154569745, 7.178121123112329, 7.228315762144031, 8.387784518525583, 8.946685391212037]"
Samoan,Maori,tree,12.516488738802146,"[11.249967381781214, 10.66698238650144, 10.108036036214012, 9.277997320808035, 8.666369086646238, 8.323517416593296, 8.111295033955708, 7.537912101517745, 7.562561922500174, 7.569583290839025, 7.42600721709175, 30.849099083789895, 502.5524779618832, 590.3822488075689, 396.4722035758993, 386.07690967886253, 359.04695023077784, 329.1942675296956, 307.67641791658315, 264.3697704261995]","[9.059174000343551, 15.756036997700235, 18.292096460711843, 20.46140825437712, 24.40778004723639, 26.388146910208768, 31.84051815599139, 33.64462391200886, 37.557273474881164, 47.042762168480856, 48.69618470660066]"
Tahitian,Maori,tree,22.08151049560722,"[18.386253770516173, 14.808855318437063, 13.25294370454345, 9.534621501281363, 8.346863172865824, 6.98584857596963, 6.613376581589962, 6.28910930716029, 6.717852683445049, 6.975816480321588, 6.607012878997119, 71.56498014669425, 536.8315696955472, 269.13695463020935, 181.97517860380967, 165.96183472819698, 153.24941027494395, 120.7151534029245, 111.94120795225112, 82.41279339477956]","[5.24076409407133, 5.157870935654979, 4.183272403858151, 3.8583233366780685, 3.82539109147514, 4.144799185034387, 3.9744385872153214, 4.209699533579607, 4.512598521062886, 5.005488718128185, 5.191080480184047]"
Komi-Zyrian,Yazva,tree,110.01737349887956,"[168.1623538880534, 73.00986564137663, 63.943354671526336, 49.45686492165703, 45.51776085217812, 42.8797005316232, 37.591398643310754, 44.571656823897506, 36.57649297176233, 34.81065988367733, 32.97550360385049, 52.579223068558655, 107.29381059696603, 33.8663156981412, 32.46913468443675, 30.67523695248239, 30.617485114293142, 28.93984469177035, 27.339810152609516, 26.610491399148852]","[34.64574355098367, 27.240245317491876, 24.738188802839677, 23.728986103848225, 24.58865336193839, 20.576716847291603, 352.600673385371, 346.03204664977653, 230.90303164619553, 245.55958872145408, 218.0978820171024]"
Tigrinya,Hebrew (Modern),tree,13.877247834917776,"[7.17074465131964, 7.500548593784639, 10.037246718980107, 13.483974977887039, 23.606672893886316, 46.590055307332996, 69.42222327376103, 156.37144153508504, 144.92835002878107, 171.55160913437388, 237.0583475489079, 233.88856703546557, 240.5652727252833, 250.2220495436112, 388.26146121296057, 352.5111258586035, 381.3228043894115, 351.35817833312115, 421.0593857604802]","[994.9455460652109, 2590.7524943157628, 14079.327577025344, 5473.101640847576, 4438.452078642647, 4211.623433623779, 3746.798654532245, 4094.8827580362936]"
Cherokee,None,tree,7.666035026597254,,
Nanai,Solon,tree,72.91212645103086,"[59.9102057508557, 206.45187432854217, 176.39209594139857, 398.3642228837566, 293.9384956138121, 205.90356407295306, 286.31612025987835, 273.1696024459893, 231.94711767225334, 183.56080991521992, 223.82459922022574, 252.1119187724468, 141.6578519653184, 123.56203411973858, 105.54398642344822, 87.02055789394505, 77.06985633556043, 71.40681096391623, 63.15766628002508, 65.62532641818466]","[46.115111554466345, 32.24242489050936, 28.287797722511584, 27.24964024258643, 30.561629615669382, 29.148429861905456, 35.11541654212808, 36.58010715457976, 39.02476028731975, 42.622683376785844, 45.948431162977606]"
Guaraní,None,tree,3.9896108510029777,,
Shor,Chuvash,tree,167.73813429703662,"[93.77112355925325, 76.89503808839034, 81.12671186806568, 92.79197523183026, 106.06274468001892, 116.2887585186212, 134.1563311992291, 137.30675196421748, 146.6036269563746, 152.52742342997715, 153.57819445469357, 191.14265768703726, 179.79251920262763, 187.86936616994922, 205.27638101265447, 203.61143129992695, 208.46937175226878, 233.98032508350124, 205.49050244101696, 223.4300093972866]","[231.1437707027902, 296.2776799190004, 1449.8097570829084, 1267.6804716005754, 1098.1119285376797, 940.1780458603725, 933.8889679921582, 950.4163714166207, 869.6650963460829, 620.5698804757473, 643.5384514255286]"
Tofa,Chuvash,tree,62.38001747406477,"[82.41692759359877, 62.73421268742377, 73.47285424470144, 96.32671412490406, 107.33899586854128, 107.7537136826647, 131.90292690984862, 131.81289027074723, 150.98808807880545, 143.3825978978677, 161.0337575913977, 191.7376122136073, 181.24420377044228, 204.04601797670037, 202.17699836044943, 200.50198868868418, 226.02534620144598, 329.432784643459, 239.125451425828, 243.68462816011711]","[349.3172253080504, 492.4194406023819, 2909.08687006929, 2841.403726066498, 2480.5350150644763, 2312.2799836673084, 1991.1688355226224, 2159.355251771578, 1709.9634700890908, 1423.5420221423385, 1499.235655028304]"
Sango,Swahili,tree,23.201988707461503,"[10.971472346300656, 9.746701320600971, 9.127440837190337, 9.730125860682127, 8.186306084228205, 9.768015197903226, 9.306518200143868, 10.667081095171445, 10.088547709413653, 9.607945460799298, 11.257969724105923, 11.987667033672183, 12.261701356209418, 13.20925021988514, 12.773681031453263, 13.690521727663517, 13.988433374921579, 15.655078425508139, 15.430782293811655, 15.049395206823686]",
Bambara,None,tree,51.67068135705578,,
Yukaghir (Kolyma),None,tree,104.80246508313998,,
Atikamekw,Asturian,cluster,61.71559963621765,"[25.484385645457564, 2692.222044314404, 2316.290171642941, 1336.489980530624, 1218.3851403125134, 1110.7157228339397, 1117.5080761823094, 1020.0847009382726, 4915255.552389545, 1100.8033204074854, 1020.0863604707291, 969.5631529238689, 944.7331714071325, 932.580264561282, 922.4560372005529, 899.2483033176106, 874.956586333545, 897.7920599358234, 883.0272895155754, 845.783277419258]","[3732.060083236433, 3251.7065728118505, 2967.9028958661456, 3059.7090672813815, 2681.4471516555186, 2413.3873787321468, 2310.787538863591, 2115.3908384804013, 2146.734059215598, 2167.204975762453, 1978.6575059731313]"
Cheyenne,Asturian,cluster,28.5227509380553,"[3.79507160719338, 719.0302503655935, 375.95582572461353, 192.21726140123369, 159.92228168631567, 156.37864331294597, 159.29728461199082, 155.197928185762, 805326.8299296476, 177.4560015298215, 166.90173993619348, 157.29508893436656, 156.06341813897026, 159.5689676900964, 159.51160733877705, 132.35782019119904, 137.38916895515987, 161.13688978554373, 152.85328655801604, 142.8276656968893]","[860.6500757783114, 787.4116392707105, 636.688085432946, 562.0893522365633, 463.035660254515, 437.91012116420023, 347.2980026950566, 332.504706930232, 344.71675900460764, 295.39764125663504, 287.0836018458003]"
Tsonga,Asturian,cluster,40.405174766927765,"[23.947529672525892, 3190.9843338834094, 3002.4138204310448, 1866.041079657362, 1525.934996134793, 1511.666617041762, 1598.2843625282926, 1422.6401931950634, 4700485.092222859, 1595.6076325863755, 1462.7663083481555, 1474.2264354778447, 1296.0124723727936, 1256.1436591419956, 1333.7484261557704, 1318.7658991869007, 1260.5111804725664, 1350.5899993260691, 1228.0877647302764, 1164.259403950126]","[5021.996584118491, 4210.109441677181, 3981.066138388727, 3999.4284471182364, 3660.6555648055546, 3367.1271665794443, 3084.31926981405, 2987.3463658247656, 2869.26110412873, 3146.883453728406, 2875.799427396975]"
Rundi,Waray-Waray,cluster,21.92062834441432,"[32.41619018151008, 11.638178397207602, 11.743445102727726, 11.116946220467227, 10.522415321092287, 10.324424202434185, 10.742308831716908, 11.558484969702683, 12.158651191028438, 12.40383452385263, 13.500368858318135, 12.820546717367591, 12.66205370962169, 13.521869202560952, 14.226779627172451, 14.022977592455213, 14.43634724712698, 15.746929706450066, 17.225776325094984, 17.59866605605257]","[22.554251239895578, 42.547450241817934, 59.54184823188859, 2793.8397862270526, 2960.0687399881504, 4167.797949860121, 3737.799599837506, 4035.2997244646767, 4915.973408091113, 3555.760824386303, 3826.6944767511136]"
Swati,Belorussian,cluster,40.65004975365579,"[19.01287180836654, 16.66003838142455, 16.9312760190369, 17.983006328854174, 21.668544014760233, 22.43547444722447, 23.64704800285629, 25.841611998815885, 27.913282544807622, 31.664486954226017, 33.561252996288616, 39.63739361968224, 5844.910095259323, 5526.308363124238, 4552.59083530538, 6120.70996277401, 5450.353722901261, 5453.6092992056865, 4848.148892060778, 5250.852338258771]","[6125.086272425244, 1400.3752439118848, 1295.573533237849, 1348.9442159518267, 1679.4479782936203, 1946.376059011316, 2085.177840821424, 2280.234636442261, 2173.156245196134, 2085.1437156379793, 1889.4518552728275]"
Kongo,Aymara (Central),cluster,26.460540726650468,"[23.870393679534843, 21.360073124120174, 18.95514825628016, 17.078195439181883, 17.14954829018974, 13.259285782532544, 13.489208665211416, 14.095703153548303, 13.644796759794637, 13.043933181614642, 12.64841778260848, 11.570728916521043, 10.897259762478859, 9.637982708297377, 9.15422532435509, 8.662509057444646, 8.834007614597853, 8.352990089403894, 8.637896246510794, 8.657370042984097, 8.806392010352184]","[139.37693771183314, 55.432393156264226, 7.249297756511832, 7.655189269664951, 8.392603529345427, 8.998602541095556, 8.710136538574844, 10.07572708966809, 10.52564217637792, 11.857048790824805, 12.336198332746006]"
Sesotho,Kabiyé,cluster,12.76642017290835,"[12.003637975509513, 10.756307116261862, 9.533958360889569, 8.976367138798247, 7.860628415659798, 7.228230860293746, 6.620339668967141, 6.576078662230439, 6.344518182557766, 6.595891269865326, 6.825650466417483, 6.629085394707182, 6.663237738296841, 6.961860454209807, 6.991685637890596, 7.136801062472214, 7.45479941185689, 7.749835364285482, 7.658197371602506, 7.826927437373602, 7.970325634637558]","[732.0360994440866, 784.5440250134935, 846.8346586350701, 841.6894880131047, 858.1510890806252, 804.9369575214386, 770.4796870434849, 635.1905016688662, 354.0133980156953, 276.5572649576155, 208.45476499292184]"
Venda,Kabiyé,cluster,31.94734744135321,"[27.626321011596062, 24.571413619605817, 20.896145265338603, 19.619747019808386, 17.205550063624013, 15.817010316924026, 14.426927794108346, 13.818352376648702, 13.958366768006606, 14.630673866175453, 14.263952668755728, 14.608138821238617, 15.709411130114045, 16.518859457411583, 16.092736866524973, 16.049189042951948, 17.178685335724616, 17.093401674405357, 17.64927336582431, 17.901152019182735, 18.23252196557254]","[877.3956493974423, 966.6646001560756, 907.7569353358451, 915.1991185077659, 855.9455825795959, 774.4869922671224, 896.1432752820906, 587.9018572877825, 355.33279272447885, 252.43373165992756, 157.31353777437565]"
Chichewa,Malgwa,cluster,13.71968199451292,"[38.52816205330575, 229.45969054768878, 86.47797812686069, 43.05749994105954, 27.04962553678399, 27.292128995546076, 25.792148165989854, 26.82601203198656, 29.89192604426188, 34.571060365071524, 34.228375313231474, 35.69494534174206, 38.62159707093041, 40.83171655101864, 42.37391786581851, 62.80527073927819, 57.25693957529702, 69.21944685085634, 70.12373933161962, 72.18331882626374]",
Kikuyu,Xhosa,cluster,38.80790386685078,"[36.427173925401654, 33.14474521048271, 30.35504571421113, 29.450670646704257, 25.78934586479879, 23.326462038643832, 20.87146857826117, 18.956437795523847, 16.550433357585135, 15.695711840835987, 14.526553491668551, 13.657600203629599, 13.1905506703664, 12.525503390406202, 11.9081427328578, 11.739251668085322, 12.051649746162688, 11.833444413686994, 11.353308237747305]","[21.358558117960726, 16.58473169369136, 13.91096234916183, 12.554984193283188, 12.725857760948847, 13.34579797565679, 13.69637902503988, 14.076600319127605, 14.009686486444581, 14.645028396974826, 15.001608620444486]"
Chamorro,Tagalog,cluster,32.86730943556314,"[137.14524338989017, 40.81759345125861, 12.56394866667172, 8.51994479267968, 8.346787518245446, 7.409810720888873, 8.038928389348394, 8.022127064806392, 8.702878825634876, 8.536935872953968, 8.559757992516937, 8.622859171195627, 9.789504831073824, 9.16608344860837, 9.782035576030587, 9.22131436010543, 9.700535341429864, 9.880909199483082, 10.344898833278114, 10.312382663091197]",
Cantonese,Bulgarian,cluster,58.27080212371232,"[21.80565400853715, 30.25241267593374, 27.10393826906155, 27.623528422391743, 27.517494293599214, 29.02945971976572, 29.285321007646075, 38.59791433301446, 42.58849102488995, 68663.06493481084, 65628.19178112592, 80850.33088539119, 95529.07917711098, 113582.26225092821, 130036.67735169308, 105722.80059706526, 121657.76889621062, 126363.5916277816, 127209.37501584085, 129638.95821200397]",
Tok Pisin,Afrikaans,cluster,30.811539764009456,"[18.08677970671372, 300.19553245960356, 222.96791902104286, 192.47177225307647, 198.03354049961555, 1602.8731554464568, 359.67594767201166, 270.99911941922574, 298.1698549528288, 247.0562288131106, 245.1823694714466, 262.8832429635307, 245.02258815160022, 229.64427566737587, 235.47600199986326, 223.06680468405398, 212.33584549191858, 206.20625641137693, 181.3947411889924]",
Bislama,Frisian (North),cluster,32.15088285771382,"[20.959007886611733, 13.475589023181405, 10.942558588522347, 8.15741264514062, 8.447277639876795, 8.836394076387544, 8.237417169711579, 9.351639496616015, 8.044258226776797, 7.752590753762897, 8.146466924471445, 24.336240382869928, 40.4696883567976, 98.13600622365558, 112.56050215001474, 122.23301522770552, 129.1297035271764, 140.7079557055626, 153.3656338521593, 156.69426858938712]","[38.054540123080834, 7.900109825346971, 10.19162583852013, 12.444879427999917, 13.624993252392967, 14.891055577890075, 16.507633523369954, 16.609523394110724, 19.19219546990201, 18.99144451629614, 19.292139665360832]"
Sranan,Papiamentu,cluster,35.43978787420974,"[32.91767452745813, 556.879421321937, 674.531350474429, 1044.1294440532115, 997.7780274596971, 1258.1031507980254, 1013.9783368193963, 948.647158758979, 1155.2275230748853, 913.3917768500868, 731.5163152228399, 929.0514272505943, 819.6368683486398, 801.0478376129759, 751.7341848657461, 719.8053836708958, 688.8240882073661, 834.6419340902858, 760.3428972921159, 656.477648745984]",
Coptic,Sundanese,cluster,4.72160877323721,"[3.68571070924175, 3.8893544197758745, 4.148531403360277, 3.8711755390521083, 4.926896157021547, 6.66744203976546, 4.532129489689513, 6.240302318914702, 7.713546882624538, 6.178862819168518, 6.081350559613658, 5.96545674882169, 4.787536439197006, 12.326493912019089, 11.432822394119562, 13.557538857476304, 18.081641945684343, 11.271463242156864, 9.966264463961531]",
Greenlandic (South),Mingrelian,cluster,35.55341627561791,"[22.34218720879963, 16.52621926402287, 14.477994312359476, 23.07269974745115, 41.8492787571432, 32.45911518909329, 26.964062753954476, 25.290531998599935, 22.0858015960188, 21.746269009890014, 21.711201657691348, 22.64989430474644, 22.253894757705737, 23.477913879306396, 23.21092910289293, 22.170031444550997, 22.709759076227826, 23.782317968766417, 24.34982449127825, 25.61217211155773]",
Dagbani,Sotho (Northern),cluster,47.80745032310027,"[45.275047171590074, 44.97175439815082, 42.911784438114914, 42.954345890583184, 39.570367507486104, 38.59654503127187, 38.88191745379549, 37.19701148135127, 36.879563967346904, 34.74822893764785, 33.74201729316571, 33.014821689299396, 33.318949082227896, 31.05813815007037, 31.35927477849993, 30.694355642590857, 30.058525478658645, 31.053615604836825, 31.212083391383338, 31.44522660275315, 30.903492819335312]","[32.73516945879017, 47.67082818611803, 61.12087613257649, 81.44112523999092, 84.7735606718783, 97.17665041267378, 104.62785513865208, 111.45700704767434, 123.67043603756292, 129.28392410709074, 151.40209948249796]"
Bhojpuri,Tulu,cluster,31.266129917862827,"[30.004980030261624, 28.67302465513331, 28.777635459107334, 24.90362655348564, 23.414843653849672, 22.357572864186185, 21.699925911016617, 20.248325578578193, 18.916187635578368, 17.465467167419376, 16.451519719229776, 15.85241578054136, 15.696662760687465, 15.370396348950482, 15.278772152181038, 14.748503284165391, 14.646978035928365, 14.320428676746031, 14.241129343213718, 14.084716360106725]",
Romani (Lovari),Asturian,cluster,25.10114923069534,"[12.299892450453552, 2103.9644236008025, 1785.3994172134137, 1048.3586118947585, 1024.8451434659228, 902.4270038672171, 996.0141678563205, 909.9164874416545, 4569518.533614725, 985.3504455979355, 945.0476879970756, 908.7901332923091, 831.8396375837555, 893.0219990714032, 861.4313543473431, 839.9745882124421, 870.2057161596131, 869.2679449676626, 819.0273560341864, 812.0696830392067]","[3698.2820022105857, 3164.363677390828, 2925.073694905758, 2855.97341102378, 2610.1113610593316, 2397.3229929961, 2152.251915675124, 2099.4005756868205, 2004.0108417725369, 1979.098363943264, 1943.3740384823245]"
Kashmiri,Malgwa,cluster,26.26795843386032,"[36.775889670274125, 138.49704742897194, 54.99395849377312, 28.88566012179621, 18.271811308468806, 15.139275506981202, 15.098804725253547, 14.348993798139324, 13.93393465923663, 14.28998939591157, 13.596876585820262, 14.537943168053742, 14.784937827108962, 18.305236296059434, 15.570556280379703, 19.6657109180408, 21.730000094347403, 21.237734787036466, 20.596478303955596, 25.127191599254665]",
Kurmanji,Afrikaans,cluster,32.441479259341435,"[36.409051087346505, 1970.0298730379225, 1885.2590662650075, 2012.130378115146, 2224.043626868827, 8983.986602248717, 4409.51306616401, 2782.884947929901, 3499.9379768770705, 2720.4566488970763, 3231.5435439170033, 2715.4332878347577, 2624.108779795421, 3026.1691613412786, 2535.208831599971, 2783.0760400352783, 2295.412775517474, 2188.075739113803, 2019.092713472783]",
Tat (Muslim),Jamaican Creole,cluster,70.32385474160174,"[66.91872431973009,81.9065473733852,82.53841305462808,95.97708685200914,73.86771191653641,70.05044342432983,66.4532512617172,68.96747031557601,74.69791975842791,81.95166957620907,95.73947744257141,113.27528949051793,99.78727749592788,112.1453394705108,105.6793269654533,100.37529625134394,88.28107968201338,90.26750832389797,109.28113601817958,124.69376085906762,131.83394780271604,123.56812791975506,111.30895111861835,102.98129734086822,92.41718877123108,89.37735147178452]","[70.21186116036728, 56.64238628390147, 58.1734818379724, 60.52696818263723, 67.17822811733915, 70.9453388329013, 75.10205157667274, 80.64545154421083, 89.90930932716557, 99.9520920722241, 102.24152767714241]"
Zhuang (Northern),Bikol,cluster,26.429984432715287,"[16.491168853667496, 13.459146538664001, 10.847221747348822, 9.1156458741156, 9.582892096162938, 8.44144564645107, 7.394142143768655, 7.241296760595597, 7.421162360047693, 7.379658785502692, 7.4245202582447485, 7.6889537828918275, 7.708856705548573, 7.887446744762558, 7.769386059114805, 7.464123035368201, 7.736190899031909, 7.755843320173682, 7.824468084597931, 7.720140816689921]","[57.28701926185913, 1155.2347904544647, 654.8081792611351, 538.9583744024941, 524.4343708046857, 561.8820810320326, 517.3217921772923, 484.8989182268639, 501.7317910335572, 510.2980121267583, 506.7760200160129]"
Ewe,Latvian,cluster,28.88396378596971,"[35.48839357060411, 17.926733910778022, 15.22096983948532, 14.658121909009356, 13.64795107561302, 13.593182999973722, 14.315642395655116, 15.207186935242177, 15.701563261992197, 16.5772725186936, 16.663034862860595, 17.065662076252995, 16.57501490406183, 18.900076124739353, 20.069741409457144, 23.497753401112863, 22.52541101976176, 25.10311503354259, 23.06575239314402, 22.426132967491586]","[29.46272137471138, 35.88888935356043, 53.87593717823969, 54.73545759403233, 784.7947032705107, 613.3282620244964, 715.0447617698916, 627.5759596425323, 655.380070279986, 605.645970387091, 486.73524321173454]"
Akan,Lao,cluster,33.071736944221286,"[29.93978326116899, 70.8533143237081, 41.2455258890827, 62.77838305913924, 1626.1371973507946, 164.78190981026276, 55.444959993766375, 32.78647404637802, 24.41219436922705, 21.634443631635495, 20.25019976143179, 21.824241475154697, 21.667005870785715, 21.214298179029644, 19.948011491505707, 18.9684660951737, 18.811058563270084, 18.04320326084712, 18.027860208547537, 16.28061994161147]",
Udi,Tulu,cluster,55.01103691952329,"[29.71234796804239, 28.23276648543889, 28.499777451866773, 25.021122875775617, 23.20694072768936, 22.437069919090984, 21.576192876657203, 20.165329178608474, 18.808215451632073, 17.56462991219977, 16.3887626208325, 15.790445814510955, 15.690530756590599, 15.090301240363102, 15.160675169019767, 14.711651647086226, 14.682066028423355, 14.285011743919103, 14.076098147160288, 13.995694792792385]",
Tabassaran,Jamaican Creole,cluster,57.19463339391462,"[59.17930892237193, 57.57204310544921, 59.28393348547696, 56.49802013343245, 55.02367049282493, 52.90011353880701, 54.79944957842228, 51.758014896672584, 53.92250236915473, 65.940378802713, 107.81156705838443, 91.22346729735966, 63.56778150826823, 78.06182254185218, 83.6173017795974, 79.94759353180173, 76.23957938851132, 80.56839351529553, 87.9564466586304, 113.08940042008138, 119.42255831305872, 115.29007057416585, 92.7383250775459, 78.0401060723834, 69.2831752290303, 64.39880077258601]","[72.7430639902435, 38.513085086811074, 35.410061333707404, 38.68527998647451, 44.083987993782685, 43.06932406685557, 38.5487761279296, 41.08287757417973, 43.4440932067557, 45.28218805857553, 44.35031013831937]"
Tsakhur,Ladino,cluster,41.74491695967968,"[41.56342092122161, 35.01412119761684, 28.77950112639896, 23.708094869194646, 23.16137811492394, 23.105691254801208, 20.01239513055302, 16.426681315699195, 16.539271016162306, 15.779768161508663, 16.913140201683404, 15.75026540684924, 15.539031745856121, 15.584078669163151, 15.016255690466766, 15.368045515278903, 15.06649661808147, 14.203545495865564, 14.038283384174868, 14.626189220200224]","[16.783069791379415, 13.655081293161274, 14.280677790494758, 15.418995650127824, 17.540795361985563, 19.421626867586447, 26.437644856025386, 33.51915549449838, 37.194297832002086, 41.09770976181751, 42.16967180422284]"
Madurese,Frisian (Western),cluster,33.61127605525046,"[34.19865342516218, 19.077055005361164, 2976.154437855609, 3301.1108209004224, 2629.9819339709984, 3104.12587340477, 2742.926933854997, 2194.9524298597544, 1883.9297911512483, 1712.667639407653, 1192.1290932095087, 909.0497873109559, 899.1054956535933, 851.7167258712344, 831.3513436223701, 860.437513205033, 839.1208497560884, 808.3893812633147, 803.3803233512843, 828.2256810184083]","[38.57461110131428, 52.388352765804754, 883.8075419464903, 726.6927396759329, 1499.254752959563, 2583.745904289925, 1285.5115208861791, 3090.8041586951877, 2226.457993023743, 3302.8275524433748, 4092.1628853404054]"
Quiché,Asturian,cluster,165.78101082549614,"[44.073780909047734, 2842.776751659712, 3081.7494441535064, 2989.119628095664, 2258.2540727384235, 1966.591914811031, 2059.1729880936655, 2137.671352517421, 9328385.74606204, 2883.8727693896453, 2146.225235651362, 2315.125289275798, 2165.4277410233285, 1855.3362193736132, 2035.9642590007736, 1900.2736651782207, 1718.2471704305053, 1715.7549570285337, 1801.1936321036135, 1738.5104431785132]","[5703.578195518615, 5919.121757487309, 5428.159793219128, 5247.556939249483, 3992.857087844317, 3724.5988142212445, 3726.9412422476407, 3972.594559654427, 3985.070900231241, 4515.75444335589, 3528.9445144078186]"
Koryak,Tulu,cluster,88.66463582434505,"[87.46456374364742, 73.83438539323971, 70.12895161193855, 54.26340034487712, 48.08023225310784, 48.39303447558279, 49.230818510953675, 48.05208682434205, 42.96507684603291, 42.07064460001369, 40.67907321796727, 38.48328573014301, 38.22532149704966, 36.55875465892296, 39.02713947071106, 36.633513586142975, 37.19851102012193, 37.25112993370626, 36.28818174331391, 34.278177379481754]",
Nadroga,Seediq,cluster,34.94238597430852,"[34.73889839082144, 33.21008069015627, 31.97154769021904, 30.55696998499874, 33.07414327637643, 53.13059696962641, 109.87317058848944, 117.93584509026924, 253.3301369478829, 361.7322105290836, 329.7813695186237, 188.4141209120873, 218.40695161202845, 227.40738991863057, 264.20908792962433, 277.700127363884, 279.7653685748796, 283.4918217255481, 276.7779554859441, 270.3038043857861, 252.4523781513433]","[18.192860412141417, 24.837488440964883, 30.16397304141406, 1627.1727250480212, 896.8951037637861, 617.2167201058127, 600.809247349289, 586.5435725462481, 618.0513062555445, 638.6479512526872, 731.9277585020818]"
Nauruan,Shan,cluster,42.16980753388992,"[16.464759099162688, 8.214738762091912, 4.705694299501399, 4.154014211116868, 4.10961505225267, 4.035539958363264, 3.926099954294062, 3.7711925089828195, 4.03067474679054, 3.866817102609804, 3.703638413197213, 3.8970323444302206, 4.10737320871121, 4.093768456594767, 4.017731926988105, 4.272713942584192, 4.205935719954623, 4.182519623579826, 4.428890787371264]",
Samoan,Tongan,cluster,12.516488738802146,"[12.111419778136838, 11.551837878481031, 11.78857497312353, 11.400608723677298, 11.04859097122816, 10.653039791973844, 11.25245456013778, 10.99340059863703, 13.959358194744263, 20.020289952969765, 83.73029384912543, 19.666558204233922, 10.655378328040017, 10.305344631352149, 10.031964369067767, 9.821449730994821, 9.739316195652663, 9.452282363217977, 9.639975075337377, 9.518686057830159, 9.48310795772848]","[31.32081679757614, 36.69636274495414, 22.764972666168333, 15.015597328285322, 14.932821088965738, 14.634697361766893, 14.41791370737099, 14.205010106526245, 15.524415347066183, 17.21305688153127, 22.89010791787078]"
Tahitian,Tongan,cluster,22.08151049560722,"[19.70140315580077, 17.984484958714354, 19.081209442281125, 18.56477263400589, 16.473071358797608, 14.32233725002918, 14.4004644003351, 14.39643765765099, 16.33768164848011, 18.332842513623305, 36.81654028287048, 19.83039293213623, 14.930265696810734, 14.158882679605219, 13.286723310373226, 11.426439429408207, 10.47641638841097, 10.67795538325385, 10.244464868756811, 10.427964589075096, 9.819145821759498]","[39.84330031796431, 25.75503401190193, 11.824737933835598, 8.372701382201635, 7.076941003182392, 6.718060681399135, 5.756925032920621, 5.416633548888412, 5.252898792910933, 5.443209047240044, 7.551905977525023]"
Komi-Zyrian,Kabiyé,cluster,110.01737349887956,"[101.52398213450347, 100.0712235347296, 85.70560256593188, 90.06393009061846, 79.07638286445096, 70.12594067514006, 70.60342440291807, 74.54587581553226, 73.26923561932752, 70.90531436452471, 77.64195992294816, 76.45062643139731, 78.82069419477303, 88.64559312502986, 78.52721730699872, 87.11884625102488, 88.50452531722885, 94.54889312980636, 96.69081574580206, 84.62857701581764, 98.37939922920803]","[6467.698149713152, 6064.240258282752, 7967.2197978436025, 7680.630423604795, 7125.941624546341, 7615.446682231287, 11464.106738412083, 5079.347881178989, 3447.6467461005423, 3504.185678924485, 3671.4434266874296]"
Tigrinya,Tulu,cluster,13.877247834917776,"[12.947039997028368, 12.576835830295103, 14.794893018466006, 10.367803450146207, 9.602926675164284, 9.293183986667886, 8.922541175409943, 8.473207843167641, 8.206466276574737, 8.033835600979149, 7.596706581120237, 7.654736703238863, 7.363422736757828, 7.500612524714535, 7.601384377854732, 7.699505095967813, 7.500470357374127, 7.551710345563749, 7.698912186061945, 8.034397795147697]",
Cherokee,Minangkabau,cluster,7.666035026597254,"[4.417896635563231, 3.868971296424969, 3.7772630277331176, 3.752309476801072, 11.475252448006175, 31.996932537597402, 36.62534198214223, 8.410102071739699, 4.267132459533775, 4.298981719530236, 4.3552585096537815, 5.001050740015738, 6.233074642557463, 5.14391553844722, 4.880042096597218, 4.9740069752655875, 4.984304794614935, 4.836090822606538, 5.440397988042208, 5.27507681720232]","[4544.991740332896, 2213.802602866993, 67.63478380705001, 427.25002753749345, 613.2747575008394, 1519.1363672058505, 119295.97171357795, 105011.55399129502, 112371.77253695074, 102082.528589488, 90306.83131098957]"
Nanai,Papiamentu,cluster,72.91212645103086,"[40.08864991581472, 1170.8721812551732, 1732.5433385378522, 3648.6823734542027, 4327.219790316109, 6439.742957095529, 5121.520363532605, 4862.986411829482, 5732.704904162705, 4329.671028485223, 3528.9039761000677, 4464.315937837363, 3384.5091889423015, 4332.179993323298, 3637.31784206083, 4336.7649901484665, 3859.480482202731, 3758.542598676064, 3754.836013469993, 3300.558718424429]",
Guaraní,Hausa,cluster,3.9896108510029777,"[4.014637978074531, 2.9431927254401455, 2.8980854137580057, 2.9323331183739825, 3.571030497662646, 3.5769969794401697, 3.6160965589261633, 3.723158377550988, 3.469087519833809, 3.5023658986278496, 13.69677712351541, 8.421798245446311, 6.772512062222205, 4.437178606148727, 4.698322674997523, 3.9525164623456743, 4.069542065387614, 3.620617883018943, 4.093717621990672, 4.0062939670812385]","[4.031981581602526, 3.3448827286536846, 5.813841316868166, 22.90225371827328, 37.56244901054203, 20.188445236959925, 30.56023059563568, 24.64492333080703, 28.605389313141877, 21.67187018514015, 23.147999624152447]"
Shor,Altai (Southern),cluster,167.73813429703662,"[162.53970266945052, 144.26429859067864, 110.09578378034905, 85.86182842120935, 79.08264947129982, 67.339546018689, 66.13283371165464, 68.10215972186305, 65.39209339332855, 67.19868450392646, 50.957877925327374, 47.773335766735215, 46.557747052803116, 45.68928607714014, 45.324559229403484, 46.17951539106148, 44.68877997729255, 46.173991426657544, 46.454738631703755, 46.339699847130206]","[99.93976186548721, 403.51184535183637, 332.64598324644584, 305.66389872616674, 320.32988639668656, 293.33202237655667, 308.5236996065492, 323.4067704464372, 285.1071523815542, 308.3964624808617, 1240.3434946728826]"
Tofa,Jamaican Creole,cluster,62.38001747406477,"[65.0568496402665, 65.37291770790758, 66.5448380312629, 67.2845399879971, 63.33997554175575, 60.97349737714684, 66.14174677643341, 77.43786405052184, 61.78490839484529, 82.71827519241509, 87.46690975752334, 87.21560856704679, 78.28118001072649, 108.26699510725838, 107.77406246975852, 96.16732376102262, 85.08686339803127, 103.01261492070347, 127.8817092313078, 173.20108795221202, 189.0534287484589, 169.44417756572966, 139.65060961451763, 112.78097401120463, 105.39496280591524, 101.86308116399131]","[84.04109903673444, 60.23556901653024, 56.782164691489925, 54.94081672355521, 57.27462570473957, 56.60734646368246, 58.55193092013344, 66.36976826718522, 89.37575836802127, 82.8703667518114, 86.32764146261447]"
Sango,Hausa,cluster,23.201988707461503,"[25.69971720381806, 13.595379675311642, 23.45803587904252, 19.24531246582269, 16.248821326492635, 15.440232820566182, 15.63990213273927, 14.22745487926565, 13.873936879087024, 13.105030177586569, 451.04302266191996, 273.3385393243164, 220.64939064155587, 131.297372708297, 130.66749214390907, 103.47153302912493, 108.244385400304, 109.77506397169171, 102.10146010029278, 92.18518362170724]","[7.398467615382372, 12.75880968309904, 248.3808580907263, 330.6838516050597, 350.6057583297616, 359.43012151080694, 407.85203461634717, 324.1606314397336, 376.85382552126595, 396.1479758401131, 402.1187977941974]"
Bambara,Navajo,cluster,51.67068135705578,"[43.4181389389685, 37.39997505748174, 31.108423410825612, 35.966300907461296, 49.747847328436144, 57.751383576960315, 69.0286411924405, 81.88113150167233, 82.03579143696186, 92.99545056948364, 89.6735688518744, 99.19967215122666, 104.5157646128556, 107.18612457908651, 120.9142426439757, 127.37276699700321, 122.51808876720818, 137.14012216532288, 138.62568098098552, 142.21261455030887]","[4590.519421239787, 1903.4023824284448, 1782.0536411225426, 1663.1566990212452, 1215.6944764109298, 879.2405280144576, 979.7139559557396, 1154.5042204659126, 1184.1456962569528, 2963.853204527487, 2661.6467244472233]"
Yukaghir (Kolyma),Kannada,cluster,104.80246508313998,"[9898.052200569477, 9524.766237069645, 6785.486261792154, 35700.149529130176, 28893.579952606953, 29983.62954384687, 26781.152222333887, 28952.469949075345, 25215.444041805993, 21684.584170660142, 21173.516101405487, 29303.839387815795, 23549.665009526216, 33742.9902013166, 28700.570493082676, 39465.84597394989, 38351.03594960274, 39360.82659869241, 40165.14014581375, 37714.317158975115]","[19803.923791698002, 26122.324642718933, 167833.2880733298, 69326.67855353568, 106308.94299353356, 108491.02415545679, 111280.7995631847, 77956.9335689225, 99722.81487377796, 99666.9859743951, 113025.99500603629]"
