hr_lang,Akan,Atikamekw,Bambara,Bhojpuri,Cantonese,Chichewa,Coptic,Dagbani,Greenlandic (South),Guaraní,Kashmiri,Komi-Zyrian,Koryak,Kurmanji,Madurese,Nanai,Quiché,Romani (Lovari),Rundi,Samoan,Sesotho,Shor,Sranan,Swati,Tabassaran,Tat (Muslim),Tofa,Tsakhur,Tsonga,Udi,Yukaghir (Kolyma)
Abaza,0.19241031722502225,0.23616012907129172,0.20454545454545456,0.020226537216828478,0.028975265017667843,0.16573213145006743,0.3230769230769231,0.18958790538892953,0.22757579569757203,0.32051282051282054,0.32019278299555115,0.8566788469346326,0.6798528058877645,0.2900473933649289,0.19421768707482992,0.715968841285297,0.21889870836165873,0.1524870888828486,0.19460935644739966,0.19845493562231759,0.17718782428225527,0.7671154397020911,0.24879308409116424,0.16253136325620296,0.851140456182473,0.8604556550040684,0.7226890756302521,0.8437713504896379,0.18042395232978412,0.8836443468715697,0.8797736916548797
Adyghe (Shapsugh),0.26571301512007117,0.35595442170011093,0.27665397429795335,0.04611650485436893,0.057950530035335686,0.22925686705940804,0.6153846153846154,0.2595708363813704,0.31525978110454145,0.3782051282051282,0.39841819080573404,0.9066179455948031,0.7779822140447715,0.3118483412322275,0.27653061224489794,0.8331061343719571,0.2726036709721278,0.21201413427561838,0.25053431488957495,0.3463519313304721,0.25025942580422,0.8282727012317388,0.3417536768833502,0.22906793048973143,0.89015606242497,0.9153783563873068,0.7528011204481793,0.8845365520382601,0.2449936504835401,0.909549945115258,0.9316360207449317
Afrikaans,0.9401867773495405,0.9356660280326712,0.9364588291289861,0.23624595469255663,0.3102473498233215,0.9203634040741003,0.8153846153846154,0.927822482321385,0.9256510252861995,0.938034188034188,0.4364804745427583,0.36825010150223303,0.364458754983134,0.8255924170616113,0.9020408163265307,0.4427458617332035,0.8810333106730116,0.8494156020657787,0.8864877701258609,0.9404291845493562,0.9311656866136285,0.3229733600687482,0.9531828898619064,0.9147848712944894,0.29471788715486197,0.38689991863303497,0.3543417366946779,0.41676155773172396,0.9243919116928788,0.3018660812294182,0.3884959924563885
Altai (Southern),0.16676549066113253,0.22768982555208228,0.16063779152784388,0.020226537216828478,0.02049469964664311,0.13833487117609483,0.3076923076923077,0.16215557181175322,0.21323436910303184,0.1794871794871795,0.30771131982204647,0.8380024360535931,0.6258049678012879,0.13886255924170615,0.170578231292517,0.7226874391431354,0.11624745071380013,0.1267328078282142,0.13856566136309664,0.1829184549356223,0.15012106537530268,0.8012030936694357,0.21780621982710227,0.1289842951398569,0.7877150860344138,0.853539462978031,0.7899159663865546,0.7879754042359371,0.146234248314936,0.8322722283205269,0.8708156529938709
Arabic (Modern Standard),0.04528609546397865,0.06211555914086921,0.05378391242265588,0.014563106796116505,0.009187279151943463,0.047341897934558876,0.1076923076923077,0.055596196049743966,0.08403572776449868,0.027777777777777776,0.23479980227385072,0.011774259033698742,0.03350199325360319,0.045023696682464455,0.06318027210884354,0.06523855890944498,0.01495581237253569,0.03825767871704267,0.0458323438613156,0.06240343347639485,0.05249048772051193,0.05127470638785448,0.06915908835747166,0.051482204256110026,0.014405762304921969,0.030919446704637917,0.018207282913165267,0.027100888180368935,0.048549379701084305,0.01163556531284303,0.033946251768033946
Arabic (Moroccan),0.2642306552030833,0.34486235756781286,0.28998096144693003,0.03398058252427184,0.06713780918727916,0.24132301795727162,0.38461538461538464,0.26322848085832723,0.3348848911812807,0.2841880341880342,0.36690558576371723,0.03613479496548924,0.08226004293161607,0.23317535545023696,0.291921768707483,0.15511197663096396,0.21549966009517335,0.1964528404457733,0.2428164331512705,0.3181115879828326,0.2661708751297129,0.09223718132340304,0.3315369933759964,0.24179908930396804,0.037615046018407365,0.06387306753458095,0.047619047619047616,0.08904577544978365,0.25319917944710363,0.038419319429198684,0.07355021216407355
Armenian (Iranian),0.92439964423362,0.9322375718463245,0.9341980009519276,0.156957928802589,0.34558303886925795,0.9193697210589822,0.7846153846153846,0.9329431845891246,0.9090451629135741,0.9230769230769231,0.4561295106277805,0.3576938692651238,0.36430542778288866,0.9279620853080569,0.8917517006802721,0.4452775073028238,0.8932698844323589,0.8424164175047567,0.9070292092139635,0.9262660944206008,0.911708751297129,0.3319965625895159,0.9278095879645223,0.8956416689898709,0.29191676670668265,0.38812042310821804,0.35714285714285715,0.43224777954907767,0.9134512064081274,0.3185510428100988,0.40405469118340404
Assamese,0.6606878150014823,0.6524150448724413,0.6038791051880057,0.2111650485436893,0.09681978798586573,0.6184257221946199,0.6307692307692307,0.6584979273347964,0.5903887281419047,0.6132478632478633,0.2518536826495304,0.03126268777913114,0.12963814780742103,0.4985781990521327,0.5818877551020408,0.15988315481986368,0.539768864717879,0.5146099483555314,0.5737354547613394,0.6496137339055794,0.6210653753026635,0.08321397880263535,0.6310766812619288,0.595669547439829,0.041216486594637856,0.05858421480878763,0.04411764705882353,0.1229788203142792,0.6149262479241966,0.04259055982436882,0.07496463932107496
Asturian,0.9419656092499259,0.9500857114046587,0.9484769157544026,0.1610032362459547,0.44098939929328623,0.9374689474057776,0.676923076923077,0.9506217995610826,0.9296766888916845,0.967948717948718,0.39050914483440435,0.29070239545269994,0.31869058570990494,0.8407582938388626,0.9072278911564626,0.39902629016553065,0.9184228416043508,0.9025550421310139,0.9175967703633341,0.9493562231759657,0.9336734693877551,0.27227155542824405,0.9373526439878747,0.9181302852894713,0.22549019607843138,0.3047192839707079,0.28361344537815125,0.3554998861307219,0.9309367978900068,0.23688254665203073,0.32673267326732675
Atayal,0.3691817373258227,0.48714328930119993,0.44193241313660164,0.019417475728155338,0.488339222614841,0.3720633118035347,0.38461538461538464,0.40697390880273104,0.42483331236633537,0.48717948717948717,0.12382600098863075,0.015022330491270807,0.09889604415823366,0.4156398104265403,0.429421768707483,0.15394352482960078,0.513256288239293,0.2860831747757543,0.38969365946331036,0.40626609442060085,0.3849014181943964,0.0958178172443426,0.47647917368361964,0.358609794628752,0.026810724289715888,0.0402766476810415,0.02030812324929972,0.08494648143930768,0.4157468008205529,0.02283205268935236,0.05091937765205092
Avar,0.24666469018677736,0.31985479479681356,0.25785340314136124,0.020226537216828478,0.0431095406360424,0.21555823692242174,0.6615384615384615,0.2356742257985857,0.32783997987168195,0.2948717948717949,0.4125061789421651,0.85464880227365,0.6918889911070224,0.21374407582938387,0.25391156462585035,0.8143135345666991,0.20598232494901428,0.19869529763522698,0.22749940631678936,0.2966523605150215,0.24731926668972673,0.7629619020338012,0.31705400246996746,0.21048229718427655,0.8587434973989596,0.9149715215622457,0.6680672268907563,0.858574356638579,0.2328807267754225,0.8663007683863886,0.8741159830268741
Azerbaijani,0.8839312184998518,0.8998689119693456,0.9046882436934793,0.13268608414239483,0.22685512367491167,0.880687060827596,0.5692307692307692,0.8972201901975128,0.89256510252862,0.8824786324786325,0.5029658922392486,0.5046691027202599,0.46695798834713276,0.8772511848341232,0.8702380952380953,0.5697176241480039,0.902787219578518,0.8063332427290024,0.8695084303015911,0.8918454935622318,0.8762538913870633,0.4334001718705242,0.8982822499157965,0.8482483040609609,0.44797919167667066,0.5268510984540277,0.4173669467787115,0.563880664996584,0.8792615023932793,0.45049396267837544,0.5327675624705328
Balinese,0.5752297657871331,0.6560451749521025,0.6649214659685864,0.042071197411003236,0.06925795053003533,0.59109943927887,0.6153846153846154,0.6150938795415752,0.6379418794816958,0.6773504273504274,0.17795353435491842,0.015022330491270807,0.1325513646120822,0.6004739336492891,0.7789965986394558,0.18500486854917234,0.6893269884432359,0.47757542810546344,0.6150558062218,0.6030901287553648,0.6029055690072639,0.10741907762818677,0.6545413719546425,0.578384908465756,0.03181272509003601,0.0467860048820179,0.021708683473389355,0.10430425871099977,0.6138517143694442,0.0283205268935236,0.05421970768505422
Bashkir,0.6288911947820931,0.6713723908440052,0.6153022370299858,0.09061488673139159,0.22473498233215547,0.5825111789339201,0.8,0.6085101194830529,0.642973958988552,0.6239316239316239,0.5218734552644587,0.9772634997969956,0.8840079730144128,0.542654028436019,0.5789965986394557,0.9619279454722492,0.5547246770904147,0.5214732264202229,0.5730230349085728,0.6402575107296138,0.5952092701487375,0.9816671440847895,0.6411810935219491,0.5530155190038101,0.9637855142056823,0.9943043124491456,0.9684873949579832,0.9569574128900022,0.5770245189020221,0.989681668496158,0.9872701555869873
Basque,0.8238215238659946,0.8840375113441565,0.873988576868158,0.055825242718446605,0.16537102473498233,0.8351195968486053,0.5076923076923077,0.8289441599609851,0.8475279909422568,0.8888888888888888,0.24802273850716758,0.09338205440519691,0.203081876724931,0.7402843601895734,0.8183673469387756,0.27332035053554044,0.8348062542488104,0.7655612938298451,0.8195203039658039,0.8521030042918455,0.8317191283292978,0.16413635061586937,0.8701021668350736,0.7897964873153053,0.09143657462985194,0.12855980471928397,0.12044817927170869,0.20200409929401048,0.8257301943928885,0.09615806805708013,0.15134370579915135
Belorussian,0.9304032018974207,0.932439245739639,0.934316991908615,0.15453074433656958,0.34275618374558303,0.9190148342678686,0.7846153846153846,0.9333089490368203,0.9100515788149453,0.9252136752136753,0.5425111220958971,0.7239139261063744,0.6675866298681387,0.928436018957346,0.8921768707482993,0.6944498539435249,0.8966689326988443,0.8463577058983419,0.9078603657088578,0.9278969957081545,0.9124005534417157,0.6300486966485248,0.9284832154485236,0.8960133816559799,0.6580632252901161,0.6586655817737999,0.6491596638655462,0.7273969483033478,0.9132558366708997,0.6794731064763996,0.693069306930693
Bengali,0.8222650459531574,0.80639306241807,0.7992622560685388,0.40048543689320387,0.1519434628975265,0.7894811555113919,0.676923076923077,0.8143135820531577,0.7782110957353127,0.7948717948717948,0.4107760751359367,0.13032886723507917,0.20921496473474394,0.6663507109004739,0.753061224489796,0.2674780915287244,0.7158395649218219,0.6876189181842892,0.7378294941819046,0.8271244635193133,0.7864060878588723,0.16585505585792037,0.7956663298529246,0.759594833193941,0.1092436974789916,0.16232709519934907,0.14985994397759103,0.22158961512184014,0.7771808146918042,0.11657519209659714,0.17727487034417727
Bikol,0.8119626445300919,0.8168801048704245,0.8202046644455021,0.052588996763754045,0.22120141342756183,0.8078642912910782,0.6,0.8391855644964643,0.7792175116366838,0.8247863247863247,0.24592189817103313,0.06658546488022736,0.18337933149340693,0.6497630331753554,0.7988095238095239,0.2444985394352483,0.7532290958531611,0.6835417232943735,0.7688197577772501,0.8211158798283262,0.7957454168107921,0.14064737897450588,0.8085775232962839,0.766657373850014,0.0782312925170068,0.10089503661513426,0.08333333333333333,0.17080391710316556,0.801113607502198,0.07771679473106477,0.1074964639321075
Breton,0.9089089831010969,0.923363920540486,0.9269395525940028,0.24029126213592233,0.3300353356890459,0.8932500532330186,0.7384615384615385,0.8945379175810778,0.895081142282048,0.9465811965811965,0.4154720711814137,0.31912302070645554,0.3304201165286722,0.8317535545023697,0.8752551020408164,0.4035053554040896,0.8715159755268524,0.8345338407175863,0.8744953692709571,0.9140772532188841,0.8976997578692494,0.3024921226009739,0.9197260581565061,0.8684137161973794,0.2579031612645058,0.354759967453214,0.3795518207282913,0.37964017308130266,0.8935234932109016,0.2735455543358946,0.3606789250353607
Bulgarian,0.8058108508745924,0.8157708984571947,0.7742741551642075,0.156957928802589,0.2812720848056537,0.7693945631343602,0.6615384615384615,0.7854181906851987,0.7803497295257265,0.8076923076923077,0.5291646070192783,0.8761672756800649,0.8170039865072064,0.6611374407582938,0.7170068027210884,0.9098344693281402,0.7042828008157715,0.6936667572709976,0.7032771313227262,0.8104721030042918,0.7653061224489796,0.8222572328845603,0.7934209049062535,0.7154539540934858,0.898359343737495,0.9393816110659072,0.6932773109243697,0.8961512184012753,0.7353716909250757,0.9108671789242591,0.8755304101838756
Buriat,0.23925289060183813,0.3005949379852778,0.23845787720133269,0.020226537216828478,0.03745583038869258,0.20107885584498544,0.36923076923076925,0.23177273835649842,0.2706000754811926,0.2948717948717949,0.3444142362827484,0.8984977669508729,0.7533731984053971,0.22085308056872038,0.23112244897959183,0.8238558909444985,0.21753908905506458,0.18666757270997553,0.21253858940869153,0.25287553648068667,0.2196471809062608,0.8239759381266113,0.2825867295385652,0.19719356937087631,0.8797519007603041,0.9100895036615134,0.8088235294117647,0.8726941471191073,0.21353912278987985,0.9108671789242591,0.9622819424799622
Burmese,0.7760895345389861,0.7463950791570031,0.7088291289861971,0.13187702265372167,0.39151943462897526,0.7457591028461921,0.6923076923076923,0.7666422823701536,0.7083909925776827,0.7243589743589743,0.31092436974789917,0.09297604547300041,0.19150567310640906,0.5720379146919431,0.6819727891156463,0.24703018500486854,0.6349422161794698,0.6161321011144333,0.6593445737354547,0.7721888412017167,0.7404012452438603,0.15024348324262388,0.7338048725721342,0.6901774927980671,0.09023609443777511,0.1224572823433686,0.10294117647058823,0.19016169437485766,0.7144671290417114,0.09725576289791438,0.15087223008015088
Catalan,0.9396679513785947,0.9539175153776344,0.947405997144217,0.15210355987055016,0.5554770318021202,0.9308680530910639,0.7230769230769231,0.9426969031943429,0.9284186690149704,0.9529914529914529,0.3711072664359862,0.30085261875761266,0.3357865685372585,0.8530805687203792,0.9047619047619048,0.4061343719571568,0.9218218898708361,0.8999728187007339,0.9115412016148183,0.94068669527897,0.9296091317883085,0.2832999140647379,0.9346581340518694,0.9084657559706347,0.24909963985594238,0.33319772172497963,0.29971988795518206,0.36984741516738784,0.9280062518315912,0.2570801317233809,0.3286185761433286
Chechen,0.2634894752445894,0.3489966723807603,0.2701094716801523,0.020226537216828478,0.04240282685512368,0.22336574632692172,0.4153846153846154,0.2524993903925872,0.3016731664360297,0.32905982905982906,0.3892733564013841,0.8838814453917986,0.7431002759889604,0.25118483412322273,0.24906462585034014,0.8070107108081792,0.23725356900067981,0.2082087523783637,0.25136547138446924,0.28,0.24437910757523348,0.8264107705528502,0.31885034242730437,0.22023975466964038,0.8913565426170468,0.9267697314890154,0.7759103641456583,0.8929628786153496,0.23747191560027353,0.9220636663007684,0.9240924092409241
Chukchi,0.19967388081826268,0.19774125239487747,0.19264635887672538,0.020226537216828478,0.03392226148409894,0.1645964937185038,0.3230769230769231,0.20458424774445258,0.2147439929550887,0.3782051282051282,0.2967128027681661,0.8412505075111653,0.6681999386691199,0.27535545023696684,0.19226190476190477,0.6889970788704965,0.2929979605710401,0.1613210111443327,0.1842792685822845,0.19012875536480686,0.18384641992390177,0.7864508736751648,0.23262602447513192,0.17154539540934857,0.8001200480192077,0.8209926769731489,0.7549019607843137,0.8132543839672056,0.18101006154146723,0.8390779363336992,0.8958038661008958
Chuvash,0.2900978357545212,0.3730967026318443,0.29271775345073775,0.020226537216828478,0.04098939929328622,0.2506920292426716,0.36923076923076925,0.29017312850524263,0.3400427726758083,0.36752136752136755,0.36406327236777064,0.8932196508323184,0.7652560564244096,0.2772511848341232,0.28469387755102044,0.8715676728334956,0.29163834126444593,0.23742864908942649,0.2578959867014961,0.31072961373390556,0.27637495676236595,0.8212546548266972,0.34871449421803075,0.24068395130564074,0.8895558223289316,0.9235150528885273,0.7219887955182073,0.8806649965839216,0.2668750610530429,0.9163556531284303,0.917963224893918
Cornish,0.5446931514971836,0.580014117172532,0.5777010947168015,0.032362459546925564,0.07491166077738516,0.5267229753708567,0.47692307692307695,0.5251158254084369,0.5809535790665492,0.6260683760683761,0.18091942659416707,0.06902151847340642,0.14067770622508433,0.5175355450236967,0.5368197278911565,0.2002921129503408,0.5112168592794017,0.4485593911388964,0.5005936832106388,0.5738197424892704,0.5405569007263923,0.12217129762245775,0.627484001347255,0.49056779109748166,0.06322529011604641,0.0919446704637917,0.08263305322128851,0.13778182646322024,0.5272052359089577,0.059275521405049394,0.10561056105610561
Czech,0.9209160984286985,0.9340526368861551,0.9268205616373155,0.11974110032362459,0.3215547703180212,0.9127688267442686,0.7230769230769231,0.9295293830772983,0.9065291231601459,0.9358974358974359,0.3310677212061295,0.3016646366220057,0.33172339773075743,0.7900473933649289,0.8829931972789116,0.4040895813047712,0.8966689326988443,0.8621228594726827,0.8823319876513892,0.9208583690987124,0.9136976824628157,0.2805786307648238,0.9333108790838667,0.8851407861722889,0.24349739895958383,0.33116354759967453,0.3004201680672269,0.37371897062172627,0.9081762235029794,0.2610318331503842,0.3465346534653465
Danish,0.3635487696412689,0.34052636886155085,0.3698238933841028,0.019417475728155338,0.045229681978798585,0.353254311874512,0.24615384615384617,0.38185808339429406,0.4552773933828155,0.5,0.09700939199209095,0.016240357287860333,0.10196258816314015,0.43412322274881515,0.3766156462585034,0.11324245374878286,0.4309993201903467,0.34112530578961675,0.3128710520066493,0.3666952789699571,0.37383258388101004,0.07232884560297909,0.4360615246435388,0.3298949911718242,0.031212484993997598,0.0467860048820179,0.024509803921568627,0.09542245502163517,0.3613363290026375,0.02854006586169045,0.052805280528052806
Dargwa,0.11399347761636526,0.15105374609256833,0.10423607805806759,0.019417475728155338,0.0176678445229682,0.09390304492866776,0.2923076923076923,0.1097293343087052,0.15335262297144295,0.10256410256410256,0.2958477508650519,0.7941534713763703,0.5690739037105182,0.1,0.10935374149659864,0.7066212268743914,0.06254248810333107,0.08752378363685784,0.08038470672049394,0.1296137339055794,0.10152196471809062,0.6627040962474936,0.14011451667228023,0.08521512870551064,0.7863145258103241,0.870219690805533,0.6421568627450981,0.7613299931678433,0.09231220084008987,0.7934138309549945,0.8038661008958039
Dhivehi,0.3107026386006522,0.35948371483311486,0.3022370299857211,0.08656957928802589,0.06219081272084806,0.2770246291433033,0.49230769230769234,0.30894903682028774,0.35551641715939114,0.3333333333333333,0.23813643104300544,0.059277304100690216,0.10441582336706531,0.25071090047393363,0.2953231292517007,0.17916260954235638,0.2406526172671652,0.22642022288665398,0.2725005936832106,0.3915021459227468,0.30828433068142513,0.10741907762818677,0.3602784326933872,0.2746027320880959,0.05402160864345738,0.08177379983726607,0.07492997198879552,0.10407652015486221,0.29764579466640617,0.05686059275521405,0.09665252239509665
Dutch,0.9401867773495405,0.9458505596450539,0.9400285578296049,0.10841423948220065,0.30247349823321557,0.9279579814039322,0.6461538461538462,0.9430626676420385,0.9257768272738709,0.9401709401709402,0.356401384083045,0.30491270807957777,0.32865685372585096,0.8322274881516588,0.9016156462585034,0.40837390457643624,0.8966689326988443,0.867627072574069,0.8959867014960817,0.9343347639484979,0.9291767554479419,0.27771412202807216,0.9417312226338834,0.907908186971471,0.24709883953581432,0.322213181448332,0.29481792717086835,0.3709861079480756,0.9190192439191169,0.2531284302963776,0.3257897218293258
Dutch (Zeeuws),0.5635191224429291,0.6211555914086921,0.6045930509281294,0.02669902912621359,0.04734982332155477,0.5245936546241748,0.2153846153846154,0.530480370641307,0.5981884513775317,0.6816239316239316,0.17066238260009886,0.02639058059277304,0.1289481754063171,0.566350710900474,0.5526360544217687,0.1789678675754625,0.557443915703603,0.4776433813536287,0.5078366183804321,0.58068669527897,0.563472846765825,0.10784875393869951,0.6845177949927024,0.5019979555803364,0.035414165666266505,0.05614320585842148,0.03571428571428571,0.11136415395126395,0.5386343655367783,0.03490669593852909,0.06647807637906648
English,0.9096501630595909,0.8959362710497126,0.9084959543074727,0.3244336569579288,0.5003533568904593,0.9157498757896231,0.7692307692307693,0.9400146305779078,0.8813687256258649,0.938034188034188,0.34466139396935247,0.22208688591149006,0.2959214964734744,0.8203791469194313,0.8994047619047619,0.36085686465433303,0.8864717878993882,0.8593367762979071,0.8744953692709571,0.90137339055794,0.9146489104116223,0.23718132340303638,0.9043448972718087,0.8874639903354706,0.18947579031612646,0.26525630593978844,0.22829131652661064,0.32156684126622637,0.9053433623131777,0.19934138309549945,0.2696841112682697
Estonian,0.9216572783871924,0.9334476152062116,0.9280104712041884,0.1650485436893204,0.29257950530035337,0.9060969550713323,0.8461538461538461,0.9237990733967325,0.9386086300163543,0.9444444444444444,0.4083044982698962,0.5578562728380024,0.4996166819993867,0.8,0.8886904761904761,0.5925024342745862,0.8878314072059823,0.8435716227235662,0.8880313464735218,0.919656652360515,0.9085956416464891,0.4657691205958178,0.9294936566745257,0.881795372177307,0.4755902360944378,0.5691619202603743,0.4789915966386555,0.5827829651560009,0.909739181400801,0.48649835345773873,0.5747289014615747
Faroese,0.7224281055440261,0.7501260461833216,0.7485721085197525,0.03802588996763754,0.08692579505300353,0.7062956916743559,0.4461538461538462,0.7070226773957571,0.8060133350106932,0.7222222222222222,0.21515076618882847,0.07348761672756801,0.17509966268015947,0.6066350710900474,0.6960034013605442,0.2368062317429406,0.6403806934058464,0.6153846153846154,0.6580384706720493,0.7496137339055794,0.6999308197855413,0.14494414207963335,0.7985853822835972,0.6682464454976303,0.07342937174869948,0.10659072416598861,0.0896358543417367,0.17330904122067867,0.6969815375598319,0.07200878155872667,0.11504007543611504
Finnish,0.9282537800177884,0.9513965917112029,0.9425273679200381,0.15776699029126215,0.3088339222614841,0.9231315210447867,0.676923076923077,0.9415996098512558,0.9496792049314379,0.9551282051282052,0.35084033613445376,0.3081607795371498,0.32888684452621897,0.8170616113744076,0.9089285714285714,0.3991236611489776,0.919782460910945,0.8430279967382441,0.9015673236760864,0.9303862660944207,0.9231234866828087,0.2914637639644801,0.9386998989558774,0.8987082984852709,0.25510204081632654,0.33116354759967453,0.29551820728291317,0.3787292188567524,0.9330858649995116,0.26695938529088914,0.36303630363036304
French,0.9155796027275422,0.9345568216194413,0.9324131366016183,0.2168284789644013,0.4007067137809187,0.911349279579814,0.8,0.9367227505486466,0.9027550635300038,0.9401709401709402,0.3166089965397924,0.1416971173365814,0.24563017479300828,0.8279620853080568,0.875765306122449,0.30516066212268744,0.8966689326988443,0.8522016852405545,0.8873189266207552,0.9154506437768241,0.9121411276374957,0.19922658264107707,0.9180419894465027,0.8857912833379797,0.13425370148059224,0.1757526444263629,0.15896358543417366,0.2530175358688226,0.9072970596854547,0.1433589462129528,0.19613389910419612
Frisian (Western),0.8915653720723392,0.902793183422406,0.8905283198476915,0.05825242718446602,0.20989399293286218,0.8671303854070551,0.6923076923076923,0.8677151914167276,0.8841363693546358,0.8760683760683761,0.30190311418685123,0.23142509135200975,0.2851119288561791,0.7805687203791469,0.8441326530612245,0.3563777994157741,0.8280081577158396,0.7811905409078554,0.8165518879126098,0.8824892703862661,0.8714977516430301,0.23804067602406187,0.9179297181991692,0.8318929467521606,0.1842737094837935,0.26403580146460537,0.2261904761904762,0.3051696652243225,0.8492722477288268,0.18616904500548848,0.27628477133427626
Gaelic (Scots),0.7087903943077379,0.7343954825047898,0.7138267491670633,0.04773462783171521,0.11307420494699646,0.6781176804599333,0.4307692307692308,0.6703243111436235,0.7185809535790666,0.7264957264957265,0.236035590706871,0.10434429557450264,0.1776295614842073,0.5630331753554503,0.6480442176870749,0.24410905550146056,0.6077498300475866,0.5772628431639032,0.6302540964141534,0.7367381974248927,0.6872189553787617,0.15525637353193927,0.7308858201414618,0.6410184927051389,0.09143657462985194,0.13588283157038242,0.12885154061624648,0.18310179913459348,0.6676760769756764,0.09264544456641054,0.1438000942951438
Galician,0.9229172843166321,0.9367752344459009,0.9334840552118039,0.14805825242718446,0.3498233215547703,0.9156788984314004,0.8307692307692308,0.9250182882223847,0.9104289847779595,0.9508547008547008,0.36678200692041524,0.2578156719447828,0.30788101809260965,0.8222748815165877,0.8879251700680272,0.38461538461538464,0.8857919782460911,0.8810138624626257,0.8875563999050107,0.9321888412017167,0.911449325492909,0.25608708106559724,0.9233187380711799,0.8884862001672706,0.21568627450980393,0.29454841334418225,0.25700280112044815,0.34251878843088135,0.9091530721891179,0.2261251372118551,0.2913719943422914
Georgian,0.7718648087755707,0.7910658465261672,0.7483341266063779,0.2783171521035599,0.2558303886925795,0.7476754915182057,0.7230769230769231,0.7483540599853694,0.7605988174613159,0.7841880341880342,0.4017548195748888,0.3869265123832724,0.3785648574057038,0.6298578199052133,0.6994047619047619,0.4747809152872444,0.6614547926580557,0.6497010057080729,0.6709807646639753,0.8058369098712447,0.7409200968523002,0.34775136064164996,0.7693948579768721,0.6914784871294489,0.3479391756702681,0.40439381611065905,0.35644257703081234,0.45411068093828283,0.7109504737716128,0.3468715697036224,0.4247996228194248
German,0.6136970056329677,0.575274780679641,0.5842455973346026,0.01699029126213592,0.04876325088339223,0.6101923486407836,0.24615384615384617,0.6277737137283589,0.586488866524091,0.6153846153846154,0.12605042016806722,0.01867641088103938,0.1451241950321987,0.5559241706161138,0.5681972789115646,0.17361246348588122,0.5900747790618627,0.5207936939385702,0.5154357634766089,0.6036051502145923,0.5997059840885507,0.09825264967058149,0.634332547434602,0.5456741938481554,0.035214085634253704,0.05207485760781123,0.0273109243697479,0.12525620587565475,0.5701865780990525,0.033809001097694844,0.058462989156058465
German (Ripuarian),0.5005188259709458,0.5042855702329333,0.5283198476915755,0.022653721682847898,0.05371024734982332,0.4854141528852296,0.23076923076923078,0.4842721287490856,0.5535287457541829,0.594017094017094,0.15200197726149284,0.022736500203004467,0.12013186139221098,0.5071090047393365,0.4875,0.1450827653359299,0.5445275322909585,0.41736885023104103,0.44466872476846353,0.49793991416309014,0.5097717052922864,0.08063592093955886,0.5826877736611654,0.4458693429978626,0.03281312525010004,0.054109031733116354,0.03361344537815126,0.11432475518105215,0.48910813714955553,0.03358946212952799,0.05752003771805752
German (Timisoara),0.9227690483249333,0.9417162448321065,0.9272965254640647,0.13187702265372167,0.24664310954063604,0.9208602455816595,0.7692307692307693,0.9394050231650817,0.9243930054094854,0.9252136752136753,0.28682649530400395,0.2095006090133983,0.2782888684452622,0.8317535545023697,0.8848639455782313,0.34537487828627067,0.9000679809653297,0.856482739874966,0.8925433388743766,0.9186266094420601,0.9187132480110688,0.23274133486107132,0.9310654541371954,0.8908094043304525,0.17006802721088435,0.23637103336045565,0.23669467787114845,0.3003871555454338,0.9160886978607014,0.18024149286498353,0.2593116454502593
German (Viennese),0.8240438778535428,0.8617525461329031,0.8441218467396477,0.06957928802588997,0.13356890459363957,0.8135424799488963,0.5846153846153846,0.8088271153377226,0.8472763869669141,0.8461538461538461,0.2392486406327237,0.10150223304912707,0.20844832873351732,0.7194312796208531,0.7956632653061224,0.26066212268743916,0.787899388171312,0.7119461810274531,0.7867489907385419,0.8336480686695279,0.8192666897267381,0.16198796906330565,0.8633658919950601,0.780224886162996,0.09583833533413365,0.14320585842148087,0.12815126050420167,0.20724208608517422,0.8092214515971476,0.09813391877058178,0.14992927864214992
Greek (Modern),0.8864512303587311,0.8821216093576687,0.8601856258924322,0.13915857605177995,0.25512367491166077,0.8562708495989779,0.8307692307692308,0.8727139722019019,0.8543212982765128,0.8525641025641025,0.3892733564013841,0.3621599675192854,0.3730450781968721,0.7369668246445498,0.8041666666666667,0.4661148977604674,0.7811012916383413,0.7794917097037238,0.8028971740679174,0.8907296137339056,0.8562781044621238,0.32769979948438843,0.8660604019310655,0.8156305176098876,0.30952380952380953,0.403580146460537,0.3389355742296919,0.43224777954907767,0.828074631239621,0.31306256860592757,0.413012729844413
Guianese French Creole,0.36962644530091904,0.5039830593929616,0.4853641123274631,0.05663430420711974,0.057950530035335686,0.36780467031017106,0.2923076923076923,0.4019751280175567,0.4276009560951063,0.5384615384615384,0.15027187345526447,0.037758830694275276,0.09966268015946028,0.44786729857819907,0.4447278911564626,0.13339824732229796,0.49762066621346024,0.34506659418320196,0.366065067679886,0.4135622317596567,0.38040470425458317,0.08708106559725007,0.5098237341416864,0.36799553944800667,0.03721488595438175,0.06346623270951994,0.04831932773109244,0.10111591892507402,0.3885904073459021,0.03534577387486279,0.058934464875058934
Gujarati,0.5804921434924399,0.5870727034385399,0.5124940504521657,0.6642394822006472,0.16537102473498233,0.5297040244162112,0.38461538461538464,0.5716898317483541,0.5537803497295257,0.5213675213675214,0.36183885318833414,0.05440519691433211,0.1515639374425023,0.4246445497630332,0.4997448979591837,0.23515092502434273,0.424881033310673,0.44985050285403644,0.4755402517216813,0.5819742489270386,0.5419405050155656,0.13506158693784015,0.5622544066464579,0.514078617228882,0.05782312925170068,0.08340113913751017,0.06582633053221289,0.14370302892279663,0.5211487740548989,0.06169045005488474,0.09759547383309759
Hausa,0.8430922027868366,0.8056872037914692,0.8415040456925273,0.03317152103559871,0.09328621908127209,0.833629072325928,0.5076923076923077,0.8579614728115094,0.7655050949805007,0.7841880341880342,0.268413247652002,0.04912708079577751,0.17701625268322602,0.7132701421800948,0.772704081632653,0.23554040895813047,0.8110129163834127,0.6584669747213917,0.8059843267632392,0.8121888412017167,0.8037011414735385,0.13276997994843884,0.7867969013135736,0.7887742774835053,0.06062424969987995,0.0886899918633035,0.06862745098039216,0.15759508084718743,0.8102959851518999,0.06059275521405049,0.09806694955209806
Hawaiian,0.3920841980432849,0.4217001109206413,0.4199190861494526,0.020226537216828478,0.0431095406360424,0.3829228476116119,0.2153846153846154,0.3862472567666423,0.4045791923512391,0.5170940170940171,0.13321799307958476,0.02882663418595209,0.08693652253909843,0.36635071090047394,0.354421768707483,0.11645569620253164,0.4343983684568321,0.3188366403914107,0.3866065067679886,0.44901287553648067,0.4008128675198893,0.059295330850759095,0.43089704726619515,0.3690177492798067,0.035214085634253704,0.05532953620829943,0.042717086834733894,0.09041220678660897,0.3976751001269903,0.031613611416026345,0.05799151343705799
Hebrew (Modern),0.8152238363474652,0.8198043763234849,0.7809376487386959,0.16909385113268607,0.3201413427561837,0.7868549932571509,0.7230769230769231,0.8009022189709827,0.7838721851805258,0.7799145299145299,0.43042511122095894,0.3101908241981324,0.3258203005213125,0.6545023696682465,0.7217687074829932,0.4189873417721519,0.6770904146838885,0.7014134275618374,0.7047019710282593,0.8315021459227467,0.7802663438256658,0.2871670008593526,0.797350398562928,0.7427748350525044,0.25610244097639057,0.3486574450772986,0.28781512605042014,0.3671145524937372,0.7466054508156686,0.2597145993413831,0.34464875058934463
Hindi,0.7739401126593537,0.7696884138348291,0.7238219895287958,1.0,0.2353356890459364,0.7385903896656967,0.6307692307692307,0.7848085832723726,0.7349352119763493,0.7307692307692307,0.5148294611962432,0.13357693869265125,0.22125114995400183,0.5909952606635072,0.6941326530612245,0.3002921129503408,0.6587355540448674,0.642497961402555,0.6654001424839705,0.7843776824034335,0.7467139398132134,0.18733887138355773,0.7411025036488156,0.7051389276089582,0.1132452981192477,0.16273393002441008,0.1638655462184874,0.22455021635162833,0.7183745237862655,0.12096597145993414,0.17774634606317774
Hungarian,0.9271420100800475,0.9401028536855904,0.9395525940028557,0.21197411003236247,0.3392226148409894,0.9207892682234368,0.8615384615384616,0.9333089490368203,0.9209963517423575,0.9444444444444444,0.3788927335640138,0.3706861550954121,0.3754983134007973,0.8436018957345972,0.8965136054421768,0.4480038948393379,0.91162474507138,0.8789752650176679,0.8984801709807647,0.92068669527897,0.9226046350743687,0.33471784588943,0.933984506567868,0.8935043211597435,0.3149259703881553,0.39585028478437756,0.35784313725490197,0.43429742655431564,0.9170655465468399,0.3233809001097695,0.4087694483734088
Icelandic,0.8734805810850874,0.8781889684380357,0.8789861970490243,0.11245954692556634,0.21696113074204948,0.854425438285187,0.676923076923077,0.8616191172884662,0.8923134985532771,0.8760683760683761,0.32204646564508155,0.1904181892001624,0.2582030052131248,0.7336492890995261,0.8295918367346938,0.33242453748782863,0.8048946295037389,0.7495243272628431,0.8123961054381382,0.8847210300429185,0.8548080249048772,0.21526783156688628,0.885483327719771,0.8219496329337422,0.16566626650660263,0.24003254678600489,0.219187675070028,0.2830790252789797,0.8453648529842728,0.16706915477497256,0.2376237623762376
Igbo,0.6208123332345094,0.5202178078047797,0.5685387910518801,0.09627831715210355,0.05441696113074205,0.5801689261125701,0.2153846153846154,0.6172884662277494,0.5390615171719714,0.6303418803418803,0.1633712308452793,0.01664636622005684,0.12212511499540019,0.47014218009478675,0.5015306122448979,0.1528724440116845,0.5723997280761387,0.42946452840445776,0.5376395155545001,0.5745064377682404,0.5800760982359046,0.07476367802921799,0.574379701358482,0.5417712108540098,0.030212084833933575,0.045158665581773796,0.025910364145658265,0.10384878159872467,0.5647162254566768,0.030954994511525797,0.05469118340405469
Indonesian (Jakarta),0.9525644826563889,0.9642028839366744,0.9632317943836268,0.28317152103559873,0.503886925795053,0.950102917169423,0.7692307692307693,0.9693977078761278,0.9373506101396402,0.9636752136752137,0.4309194265941671,0.23954526999593992,0.30366452008586325,0.8530805687203792,0.9788265306122449,0.3822784810126582,0.9367777022433719,0.8697336232671922,0.9365946331037758,0.9501287553648069,0.9483742649602214,0.253079346892008,0.9537442460985741,0.9325341511011987,0.20208083233293317,0.274613506916192,0.24579831932773108,0.3306763835117285,0.9495946077952525,0.21668496158068057,0.29042904290429045
Ingush,0.3950489178772606,0.482807300594938,0.4056401713469776,0.03398058252427184,0.06289752650176679,0.3494925118887075,0.6461538461538462,0.38649109973177276,0.4364070952321047,0.4594017094017094,0.4416707859614434,0.9788875355257816,0.8762649494020239,0.37251184834123224,0.37551020408163266,0.9175267770204479,0.3602991162474507,0.3152351182386518,0.374495369270957,0.42283261802575106,0.36916291940505014,0.9228014895445431,0.4552599079375772,0.3446705696496608,0.982593037214886,0.984947111472742,0.8900560224089635,0.953541334547939,0.3678812151997656,0.9791437980241493,0.9764262140499764
Irish (Munster),0.844871034687222,0.8446102652011697,0.8285340314136126,0.09223300970873786,0.20918727915194346,0.8119809780679963,0.7076923076923077,0.8247988295537674,0.8143162661970059,0.8290598290598291,0.29646564508156203,0.21031262687779131,0.25751303281202087,0.6729857819905213,0.7664115646258504,0.337682570593963,0.7097212780421482,0.7148681706985593,0.7565898836380908,0.8471244635193133,0.8153753026634383,0.2264394156402177,0.8346244526776693,0.7703745005111049,0.1718687474989996,0.24084621643612694,0.22338935574229693,0.2789797312685038,0.7958386245970499,0.17453347969264543,0.2668552569542669
Italian,0.9190631485324637,0.9372794191791872,0.9280104712041884,0.18932038834951456,0.415547703180212,0.9136915324011641,0.7230769230769231,0.9328212631065593,0.9121902126053592,0.9273504273504274,0.3032624814631735,0.17174177831912302,0.26533272002453234,0.8132701421800947,0.8796768707482994,0.3258033106134372,0.8851121685927941,0.8706849687415058,0.8805509380194728,0.9247210300429185,0.9144759598754756,0.20753365797765683,0.9241046368025149,0.8812378031781433,0.15106042416966786,0.20545158665581773,0.17647058823529413,0.27009792757913914,0.9032919800722868,0.15960482985729968,0.21546440358321547
Italian (Genoa),0.6343018084790987,0.7186649188262579,0.7032365540218943,0.03478964401294499,0.06925795053003533,0.60515295620697,0.3076923076923077,0.6266764203852719,0.7141778840105674,0.7564102564102564,0.2009391992090954,0.06008932196508323,0.1527905550444649,0.6388625592417062,0.6429421768707483,0.2104186952288218,0.5656016315431679,0.650516444686056,0.5978389931132747,0.697510729613734,0.6352473192666898,0.13534803781151533,0.7281913102054564,0.5887928631168107,0.062424969987995196,0.09438567941415785,0.0861344537815126,0.14575267592803462,0.6129725505519195,0.06081229418221734,0.10278170674210278
Japanese,0.7457011562407353,0.7764444892608652,0.7223940980485483,0.1488673139158576,0.8777385159010601,0.7300731066789694,0.7076923076923077,0.7643257742014143,0.7216002012831803,0.7542735042735043,0.2907810182896688,0.08241981323589119,0.19840539711744865,0.6037914691943128,0.674404761904762,0.27682570593963,0.6390210740992522,0.6170154933405817,0.6683685585371646,0.7606008583690987,0.7301971636112072,0.15711830421082784,0.740204333670147,0.6856240126382307,0.08463385354141657,0.11269324654190399,0.10714285714285714,0.19562741972215897,0.7034287388883462,0.09418221734357848,0.1324846770391325
Javanese,0.9224725763415357,0.9418170817787638,0.9462160875773441,0.28883495145631066,0.3512367491166078,0.9234154304776776,0.6461538461538462,0.9386734942696903,0.910554786765631,0.9273504273504274,0.39236282748393475,0.1758018676410881,0.2501533272002453,0.8383886255924171,0.9719387755102041,0.3201557935735151,0.9191026512576479,0.8184289209024191,0.9053668962241748,0.9491845493562232,0.9219993081978554,0.20495560011458036,0.9326372515998653,0.9002880773162345,0.14665866346538614,0.2046379170056957,0.19467787114845939,0.26007743110908677,0.9242942268242649,0.1486278814489572,0.2131070249882131
Kabardian,0.41928550252001184,0.48784914792780076,0.4582341742027606,0.032362459546925564,0.05017667844522968,0.39335651927035276,0.4153846153846154,0.44537917581077785,0.46911561202667,0.5705128205128205,0.39891250617894214,0.9301664636622006,0.817080650107329,0.5554502369668246,0.4413265306122449,0.8848101265822785,0.5057783820530252,0.3695297635226964,0.4460935644739967,0.435450643776824,0.4146489104116223,0.8706674305356631,0.5040979005276749,0.41213641854846206,0.9217687074829932,0.9552481692432873,0.8151260504201681,0.943293099521749,0.42131483833154243,0.948847420417124,0.9523809523809523
Kabiyé,0.4825081529795434,0.5994756478773823,0.5972156116135173,0.032362459546925564,0.05653710247349823,0.4837816736461069,0.2153846153846154,0.5190197512801755,0.5239652786514027,0.6431623931623932,0.1490360850222442,0.030450669914738125,0.11514872738423797,0.5265402843601896,0.5056122448979592,0.1584225900681597,0.5982324949014276,0.3962353900516445,0.48444549988126334,0.5084978540772532,0.48893116568661366,0.1029790890862217,0.5707870214438082,0.46584889880122665,0.03461384553821529,0.05614320585842148,0.036414565826330535,0.10407652015486221,0.5062029891569796,0.031174533479692644,0.061291843470061294
Kannada,0.6537948413874889,0.6642129676313401,0.5957877201332699,0.44741100323624594,0.192226148409894,0.6175739938959471,0.5230769230769231,0.6656912948061449,0.6247326707761983,0.6239316239316239,0.3116658428077113,0.07023954526999594,0.1842226310947562,0.4938388625592417,0.5663265306122449,0.2694255111976631,0.5370496261046906,0.5228322913835282,0.5466635003562099,0.6642918454935622,0.6260809408509166,0.15224863935835004,0.6389356685752778,0.5751324226373014,0.069827931172469,0.10984540276647681,0.08543417366946779,0.16989296287861536,0.5991989840773664,0.07947310647639956,0.12116925978312117
Karachay-Balkar,0.29128372368811145,0.3906423313502067,0.30580675868633983,0.02750809061488673,0.0558303886925795,0.2543118745120307,0.4,0.27968788100463304,0.3610517046169329,0.33547008547008544,0.39236282748393475,0.9395046691027202,0.791245016865992,0.26919431279620853,0.2842687074829932,0.8629016553067186,0.2433718558803535,0.23973905952704538,0.2741629066729993,0.32,0.27213766862677274,0.8978802635348038,0.3726282699000786,0.259734225443732,0.9247699079631853,0.95240032546786,0.8739495798319328,0.9054884992029151,0.26394451499462734,0.954774972557629,0.9467232437529467
Karakalpak,0.44263267121257044,0.4562871836240799,0.5155878153260353,0.025889967637540454,0.053003533568904596,0.4320391795017389,0.2,0.46196049743964884,0.5185557931815322,0.5662393162393162,0.19105289174493326,0.17864393016646365,0.17210978227537566,0.5587677725118484,0.4738095238095238,0.21596884128529698,0.6220258327668253,0.4037782005979886,0.4668724768463548,0.46334763948497854,0.4414562435143549,0.19507304497278716,0.5320534411137308,0.43183718985224423,0.14605842336934774,0.21643612693246542,0.2934173669467787,0.22796629469369165,0.46322164696688484,0.15433589462129527,0.2116925978312117
Kazakh,0.622072339163949,0.6655238479378844,0.5829366968110423,0.04449838187702265,0.11307420494699646,0.5749166016040883,0.49230769230769234,0.6113143135820531,0.6210844131337275,0.6410256410256411,0.4799802273850717,0.9679252943564759,0.8318767249310027,0.5151658767772512,0.5565476190476191,0.9414800389483934,0.5424881033310673,0.5121636314215819,0.5340774162906673,0.6334763948497855,0.5855240401245244,0.9445717559438557,0.6336589199506006,0.5400055756899916,0.9263705482192878,0.9825061025223759,0.9719887955182073,0.9237075836939194,0.559929666894598,0.9464324917672887,0.9613389910419613
Khakas,0.0925733768158909,0.0927699909246748,0.08638743455497382,0.019417475728155338,0.019787985865724382,0.0745262261338633,0.26153846153846155,0.0949768349183126,0.11057994716316517,0.17735042735042736,0.2065002471576866,0.6463662200568413,0.4320760502913217,0.12843601895734597,0.09124149659863946,0.47555988315481984,0.11284840244731476,0.07379722750747486,0.08572785561624317,0.08995708154506438,0.0813732272570045,0.5478372959037525,0.10800493993488268,0.07610816838583774,0.5816326530612245,0.6273393002441009,0.7030812324929971,0.5943976315190161,0.07697567646771515,0.6028540065861691,0.6793965110796794
Khmer,0.7199822116809962,0.6988000403347787,0.6657544026653974,0.11893203883495146,0.3823321554770318,0.6902548087160196,0.7692307692307693,0.7123872226286272,0.6551767517926783,0.7029914529914529,0.23863074641621354,0.07551766138855055,0.17509966268015947,0.5393364928909953,0.6344387755102041,0.22424537487828627,0.5907545887151597,0.5934357162272357,0.6057943481358348,0.7654077253218884,0.6919750951227949,0.13133772558006301,0.6948467497473897,0.6360932998791934,0.07242897158863545,0.10333604556550041,0.10084033613445378,0.170576178547028,0.6590798085376575,0.07639956092206367,0.12116925978312117
Kinyarwanda,0.5446931514971836,0.4976303317535545,0.5683008091385054,0.06472491909385113,0.07632508833922262,0.5449641564340976,0.47692307692307695,0.5680321872713973,0.5206944269719461,0.6474358974358975,0.21144340088976768,0.07632967925294357,0.1339313094142901,0.5322274881516588,0.5174319727891157,0.17108081791626095,0.5622025832766825,0.40839902147322643,0.7384231773925434,0.5292703862660945,0.5415081286751989,0.0989687768547694,0.5447400920624228,0.5545952978347737,0.0666266506602641,0.10537021969080554,0.10714285714285714,0.15190161694374857,0.5702842629676663,0.07135016465422613,0.12258368694012259
Kirghiz,0.646827749777646,0.6832711505495613,0.6192289386006663,0.06472491909385113,0.12791519434628976,0.6097664844914472,0.5230769230769231,0.6272860277980981,0.6441061768775946,0.6495726495726496,0.49604547701433516,0.949654892407633,0.8187672493100276,0.5123222748815166,0.5752551020408163,0.9457643622200584,0.5411284840244731,0.523851590106007,0.5574685347898362,0.6570815450643777,0.6073158076790038,0.9266685763391578,0.6635230717413271,0.5543165133351919,0.9171668667466987,0.9804719283970708,0.9061624649859944,0.9186973354588932,0.5848393083911302,0.9481888035126235,0.9660537482319661
Komi-Permyak,0.3098132226504595,0.3956841786830695,0.33460257020466444,0.020226537216828478,0.03745583038869258,0.2717013272765988,0.46153846153846156,0.2888319921970251,0.3989181029060259,0.41239316239316237,0.3592436974789916,0.9524969549330086,0.6851425942962281,0.29289099526066353,0.3125,0.7743914313534567,0.3086335825968729,0.24755368306605055,0.2933982426976965,0.3439484978540773,0.2987720511933587,0.7815812088226869,0.3754350510834175,0.2615927887742775,0.810124049619848,0.8694060211554109,0.7205882352941176,0.8075609200637668,0.28846341701670414,0.845225027442371,0.8877887788778878
Kumyk,0.08656981915209012,0.0790561661792881,0.08603046168491195,0.019417475728155338,0.02120141342756184,0.07133224501384058,0.2153846153846154,0.08949036820287734,0.10038998616178135,0.23076923076923078,0.24555116164112703,0.7795371498172959,0.5273689052437902,0.15450236966824646,0.07899659863945578,0.5509250243427458,0.14683888511216858,0.07413699374830117,0.08584659225837094,0.08566523605150214,0.07549290902801799,0.6836150100257806,0.09284832154485237,0.07443546138834681,0.7496998799519808,0.8047192839707079,0.7773109243697479,0.7374174447734001,0.08078538634365537,0.772338090010977,0.7708628005657708
Kurdish (Central),0.6236288170767862,0.6465665019663205,0.5826987148976678,0.07686084142394822,0.2706713780918728,0.5922350770104337,0.676923076923077,0.6071689831748354,0.609762234243301,0.5854700854700855,0.5017301038062284,0.09581810799837596,0.17034651947255444,0.5924170616113744,0.5336734693877551,0.23222979552093476,0.4969408565601632,0.48260396846969283,0.5273094276893849,0.6367381974248927,0.5908855067450709,0.1420796333428817,0.6181654878185696,0.5483691106774463,0.0858343337334934,0.12652563059397884,0.11834733893557423,0.1785470280118424,0.5590505030770734,0.08737650933040615,0.13955681282413956
Ladin,0.38333827453305663,0.4374306745991731,0.45287958115183247,0.023462783171521034,0.03816254416961131,0.36524948541415286,0.26153846153846155,0.3944159960985126,0.43376525349100514,0.5491452991452992,0.12716262975778547,0.021112464474218433,0.0946028825513646,0.4317535545023697,0.43537414965986393,0.12950340798442064,0.39768864717878993,0.40887469421038325,0.37781999525053434,0.4291845493562232,0.39475959875475614,0.07232884560297909,0.500505220613001,0.35321996097017005,0.028811524609843937,0.04597233523189585,0.03081232492997199,0.09451150079708495,0.3855621764188727,0.02810098792535675,0.055634134842055635
Ladino,0.583530981322265,0.598568115357467,0.6493336506425512,0.02750809061488673,0.08197879858657244,0.5732841223649656,0.2923076923076923,0.5820531577663984,0.6068687885268588,0.7307692307692307,0.2045229856648542,0.06699147381242387,0.14619748543391597,0.628436018957346,0.6329931972789116,0.18042843232716652,0.6730115567641061,0.5823593367762979,0.5675611493706958,0.6178540772532188,0.5881182981667243,0.1168719564594672,0.6712697878073426,0.5454883375151008,0.06422569027611044,0.09641985353946297,0.08683473389355742,0.14506946025962195,0.5851323629969718,0.0601536772777168,0.10419613389910419
Lak,0.20552920249036466,0.23222748815165878,0.18265111851499286,0.021844660194174758,0.024734982332155476,0.15913123713535382,0.2923076923076923,0.18178493050475494,0.250849163416782,0.19444444444444445,0.36455758774097874,0.8611449451887941,0.6676632934682613,0.16587677725118483,0.2026360544217687,0.7822784810126582,0.14547926580557444,0.14011959771677085,0.1523391118499169,0.21965665236051501,0.18064683500518852,0.7466342022343169,0.2417199955091501,0.1474770002787845,0.8701480592236894,0.8905614320585842,0.6680672268907563,0.8223639262127078,0.1705577805997851,0.8597145993413831,0.8698727015558698
Lao,0.4930329083901571,0.4905717454875466,0.44526415992384577,0.061488673139158574,0.12367491166077739,0.4617077152388388,0.49230769230769234,0.47963911241160695,0.4702478299157127,0.4636752136752137,0.18536826495304004,0.04790905399918798,0.12956148420729838,0.36824644549763036,0.42304421768707484,0.19542356377799416,0.3745751189666893,0.363210111443327,0.38969365946331036,0.5698712446351931,0.474922172258734,0.11515325121741621,0.5038733580330077,0.4198494563702258,0.051420568227290915,0.07607811228641172,0.06722689075630252,0.12685037576861763,0.44534531601054994,0.05290889132821076,0.0891089108910891
Latvian,0.9040913133708864,0.9167086820611072,0.9107567824845312,0.2273462783171521,0.3335689045936396,0.8897011853218824,0.7692307692307693,0.8972201901975128,0.9038872814190464,0.9230769230769231,0.42671774592189815,0.37921234267153875,0.36614535418583255,0.7753554502369668,0.8660714285714286,0.465238558909445,0.8470428280081577,0.8753057896167437,0.8557349798147709,0.9223175965665236,0.889744033206503,0.33156688627900316,0.9166947344785,0.8652541585354521,0.3083233293317327,0.4064279902359642,0.3543417366946779,0.4181279890685493,0.8813128846341701,0.3132821075740944,0.4134842055634135
Lezgian,0.3001778831900385,0.386407179590602,0.31699190861494525,0.030744336569579287,0.04098939929328622,0.2606288593938534,0.47692307692307695,0.29200195074372104,0.37099006164297393,0.3717948717948718,0.4134948096885813,0.9411287048315063,0.7951548604722478,0.3341232227488152,0.31232993197278913,0.8733203505355404,0.2882392929979606,0.2420494699646643,0.27855616243172643,0.3303862660944206,0.2845901072293324,0.8649384130621598,0.3731896261367464,0.25406560728556826,0.9581832733093237,0.9869812855980472,0.7766106442577031,0.9114097016624915,0.28035557292175445,0.9523600439077936,0.9283356907119283
Lithuanian,0.8832641565372072,0.9141877583946758,0.9040932889100428,0.17718446601941748,0.3371024734982332,0.8816807438427142,0.6615384615384615,0.8910021945866862,0.8877846269971066,0.9551282051282052,0.35479485912011866,0.38205440519691436,0.3685219257896351,0.7796208530805687,0.8702380952380953,0.44031158714703017,0.8742352141400408,0.8234574612666485,0.8576347660888151,0.9000858369098712,0.8795399515738499,0.33829848181036953,0.9086112046704838,0.84759780689527,0.3135254101640656,0.41334418226200165,0.3382352941176471,0.4299703939877021,0.8821920484516949,0.33150384193194293,0.4087694483734088
Low German,0.8457604506374148,0.874760512251689,0.8473346025702047,0.03559870550161812,0.1469964664310954,0.832848321385478,0.5230769230769231,0.8385759570836382,0.8642596553025538,0.8290598290598291,0.24295600593178449,0.1368250101502233,0.23060410916896656,0.7175355450236967,0.7987244897959184,0.2976630963972736,0.7709041468388851,0.7433405816798043,0.7865115174542864,0.8408583690987125,0.8340539605672778,0.18604984245201947,0.8785225103850903,0.7973236688040145,0.12705082032813125,0.17697314890154597,0.16596638655462184,0.23935322250056934,0.8226042785972453,0.12162458836443468,0.19000471475719
Luganda,0.5507708271568337,0.4735303015024705,0.542836744407425,0.020226537216828478,0.051590106007067135,0.5515650507488111,0.3384615384615385,0.6085101194830529,0.5059755944143918,0.6282051282051282,0.14223924864063273,0.015834348355663823,0.11369211898190738,0.490521327014218,0.47465986394557824,0.14615384615384616,0.6036709721278042,0.38597444957868987,0.588815008311565,0.4966523605150215,0.5338983050847458,0.06917788599255227,0.5115078028516897,0.5550599386674101,0.02921168467386955,0.03946297803091944,0.023109243697478993,0.10680938282851286,0.5740939728436065,0.03358946212952799,0.056577086280056574
Luxemburgeois,0.8560628520604803,0.883835837450842,0.8592336982389338,0.09466019417475728,0.192226148409894,0.8283767478174462,0.47692307692307695,0.8380882711533773,0.8435023273367719,0.8311965811965812,0.3051161641127039,0.2545676004872107,0.28840846366145356,0.7218009478672985,0.7958333333333333,0.36358325219084714,0.7552685248130524,0.7536694754009242,0.7687010211351223,0.8520171673819742,0.826530612244898,0.2525064451446577,0.8716739642977434,0.7869157141529598,0.2110844337735094,0.28437754271765664,0.25,0.3238442268276019,0.8053140568525935,0.213172338090011,0.28854314002828857
Macedonian,0.8179662021938927,0.8171826157103963,0.7741551642075202,0.10679611650485436,0.2911660777385159,0.7779118461210873,0.6,0.7894415996098513,0.7790917096490124,0.7585470085470085,0.522985664854177,0.806739748274462,0.7689359092302974,0.6549763033175355,0.7297619047619047,0.8663096397273612,0.7022433718558804,0.6995786898613754,0.7079078603657089,0.8254077253218884,0.7762020062262193,0.7769979948438843,0.799146738520265,0.7303224607378497,0.8497398959583834,0.8962571196094385,0.6477591036414566,0.8346618082441357,0.7442610139689362,0.849615806805708,0.8161244695898161
Malay,0.9392232434034984,0.9483714833114854,0.9516896715849595,0.24514563106796117,0.4777385159010601,0.940733905884023,0.8,0.9585466959278225,0.9226317775820858,0.9230769230769231,0.4647800296589224,0.17742590336987413,0.26793928242870285,0.8260663507109005,0.9697278911564626,0.34138266796494643,0.9374575118966689,0.8474449578689861,0.9213963429114225,0.9457510729613734,0.9364406779661016,0.21798911486680034,0.940833052655215,0.9241706161137441,0.14925970388155263,0.2111472742066721,0.20378151260504201,0.281940332498292,0.9344534531601055,0.16311745334796926,0.23809523809523808
Malayalam,0.8351615772309516,0.8211152566300293,0.7964064731080438,0.6181229773462783,0.23109540636042403,0.8138973667400099,0.8307692307692308,0.8432089734211168,0.8024908793558938,0.8034188034188035,0.4694760257043994,0.1555014210312627,0.24026372278442196,0.6516587677725119,0.76828231292517,0.32005842259006817,0.7382732834806254,0.6889779831475945,0.7454286392780812,0.8398283261802575,0.8070736769283985,0.20151818963047838,0.7944313461322555,0.7682371526809776,0.1364545818327331,0.20056956875508544,0.18137254901960784,0.25370075153723526,0.7923219693269512,0.14357848518111965,0.21216407355021216
Maltese,0.7595612214645716,0.7571846324493294,0.7696335078534031,0.029935275080906147,0.10671378091872792,0.7439846688906239,0.4,0.7599366008290661,0.7622342433010442,0.7905982905982906,0.23121601581809195,0.1274868047097036,0.20231524072370438,0.6725118483412322,0.7363945578231292,0.25832521908471273,0.7899388171312033,0.6859200869801576,0.6860603182142009,0.7611158798283262,0.7378934624697336,0.16370667430535663,0.7976872123049287,0.7061611374407583,0.11224489795918367,0.1562245728234337,0.14915966386554622,0.21339102710088817,0.7323434599980463,0.10735455543358946,0.16407355021216408
Mansi,0.056922620812333236,0.0569728748613492,0.045335554497858165,0.01779935275080906,0.019787985865724382,0.03996025267939527,0.2153846153846154,0.04815898561326506,0.07183293496037238,0.057692307692307696,0.1832674246169056,0.6776289078359724,0.38362465501379944,0.06587677725118483,0.047704081632653064,0.4664070107108082,0.038069340584636305,0.04104376189181843,0.03692709570173355,0.059313304721030045,0.04574541681079211,0.47192781437983383,0.060401931065454134,0.04098132143852802,0.5348139255702281,0.6472742066720911,0.5371148459383753,0.5354133454793897,0.04132069942365928,0.5427003293084522,0.636963696369637
Manx,0.5569967388081827,0.5885852576383988,0.5740123750594954,0.03640776699029126,0.06501766784452297,0.5351692809993612,0.3230769230769231,0.5455986344793953,0.5917725500062901,0.6346153846153846,0.17894216510133465,0.06333739342265529,0.13807114382091382,0.4976303317535545,0.5407312925170068,0.18646543330087634,0.5078178110129163,0.45684968741505844,0.5022559962004275,0.5846351931330472,0.5503286060186786,0.11400744772271555,0.6154709778825643,0.5017191710807546,0.05802320928371348,0.0951993490642799,0.08473389355742297,0.14506946025962195,0.5288658786753931,0.0588364434687157,0.09948137670909948
Marathi,0.679884375926475,0.6580619138852476,0.6210138029509757,0.9991909385113269,0.2021201413427562,0.638157427780538,0.6,0.6742257985857109,0.6311485721474399,0.6196581196581197,0.49159663865546216,0.13235891189606172,0.18797914750076664,0.533175355450237,0.5925170068027211,0.24498539435248295,0.5472467709041469,0.5432182658331068,0.5797910235098551,0.6828326180257511,0.6330854375648565,0.1592666857633916,0.6554395419333109,0.604126010593811,0.11164465786314526,0.1594792514239219,0.1645658263305322,0.2079253017535869,0.6216665038585523,0.1176728869374314,0.17774634606317774
Mari (Meadow),0.13311592054550844,0.13441564989412122,0.12470252260828177,0.019417475728155338,0.028268551236749116,0.10469160337852225,0.3384615384615385,0.12874908558888076,0.1426594540193735,0.24358974358974358,0.2737271379139891,0.857084855866829,0.6676632934682613,0.16824644549763032,0.12202380952380952,0.6606621226874392,0.1760707002039429,0.10954063604240283,0.11861790548563286,0.13030042918454934,0.11812521618817018,0.7195645946720137,0.1487594027169642,0.11142087166620203,0.8301320528211285,0.8250610252237591,0.7058823529411765,0.7984513778182646,0.11751489694246361,0.827661909989023,0.8661008958038661
Mingrelian,0.44359620515861253,0.5396793385096299,0.46168491194669203,0.17475728155339806,0.09540636042402827,0.423450919156789,0.47692307692307695,0.43355279200195074,0.515033337526733,0.45085470085470086,0.2687839841819081,0.16727568006496144,0.18414596749463355,0.36066350710900474,0.42244897959183675,0.27770204479065236,0.36233854520734193,0.35641478662680076,0.39408691522203754,0.5149356223175966,0.43548945001729505,0.1955027212832999,0.5090378354103514,0.39513056407397085,0.14205682272909165,0.20951993490642798,0.20238095238095238,0.2291049874743794,0.41857966201035457,0.1437980241492865,0.21923620933521923
Mon,0.4925882004150608,0.4320863164263386,0.44502617801047123,0.10275080906148867,0.08551236749116607,0.46156576052239334,0.5230769230769231,0.5099975615703487,0.4464712542458171,0.5256410256410257,0.1503954522985665,0.037758830694275276,0.11100889297761422,0.4056872037914692,0.4248299319727891,0.12697176241480038,0.43031951053704964,0.3922941016580593,0.410235098551413,0.5395708154506438,0.4676582497405742,0.0794901174448582,0.48624677220163914,0.44438249233342625,0.042617046818727494,0.061838893409275834,0.055322128851540614,0.11500797084946482,0.4671290417114389,0.04500548847420417,0.07637906647807638
Mongol (Khamnigan),0.6755114141713608,0.6721790864172633,0.6092336982389338,0.08009708737864078,0.3448763250883392,0.6309887146000426,0.5692307692307692,0.6513045598634479,0.643602968926909,0.6239316239316239,0.4772614928324271,0.8388144539179861,0.7063784115302054,0.4957345971563981,0.575765306122449,0.8611489776046738,0.5499660095173351,0.5271133460179397,0.5575872714319638,0.6766523605150214,0.6360255966793497,0.7525064451446577,0.660491748063321,0.5768051296347924,0.7919167667066827,0.9019528071602929,0.7850140056022409,0.8480983830562514,0.5967568623620201,0.8414928649835346,0.8783592644978784
Mordvin (Erzya),0.37829825081529794,0.47000100836946657,0.3877915278438839,0.02750809061488673,0.05371024734982332,0.328057349705444,0.4153846153846154,0.3557668861253353,0.43565228330607625,0.49572649572649574,0.40336134453781514,0.9646772228989038,0.8613155473781049,0.34881516587677724,0.3629251700680272,0.9096397273612463,0.3711760707002039,0.3141478662680076,0.3413678461173118,0.40360515021459226,0.35498097544102386,0.8904325408192495,0.44683956438756034,0.32469101384629684,0.9539815926370548,0.9658258746948739,0.8263305322128851,0.9248462764746072,0.3459021197616489,0.9560922063666301,0.9495520980669495
Mordvin (Moksha),0.20552920249036466,0.27326812544116164,0.22453593526891957,0.021844660194174758,0.03250883392226148,0.17822414649726737,0.2923076923076923,0.20287734698853938,0.2726129072839351,0.25854700854700857,0.3153732081067721,0.8266341859520909,0.6497240110395585,0.195260663507109,0.20731292517006802,0.7146056475170399,0.19986403806934058,0.17402826855123674,0.20790786036570885,0.23004291845493563,0.19534763057765478,0.7056717272987683,0.2659705849331986,0.1871573273859307,0.8115246098439376,0.8287225386493083,0.6309523809523809,0.7695285811887953,0.19175539708899092,0.8136114160263447,0.843941537010844
Nenets (Tundra),0.1546842573376816,0.2116567510335787,0.1518324607329843,0.020226537216828478,0.03109540636042403,0.12165519199375399,0.3384615384615385,0.14484272128749084,0.18794816958107938,0.16666666666666666,0.27483934750370737,0.6938692651238327,0.5188592456301748,0.13033175355450238,0.1529761904761905,0.6049659201557935,0.11216859279401767,0.11035607502038597,0.131441462835431,0.16592274678111588,0.137928052576963,0.582641077055285,0.2025373301897384,0.11839048415574761,0.6812725090036015,0.6729048006509357,0.5861344537815126,0.6882259166476885,0.13031161473087818,0.6849615806805708,0.76001885902876
Nepali,0.5076341535724874,0.5297973177372189,0.4695383150880533,0.9991909385113269,0.13568904593639575,0.45681027752147063,0.5692307692307692,0.506949524506218,0.46987042395269846,0.5149572649572649,0.4080573405832921,0.05034510759236703,0.12296841459674947,0.395260663507109,0.4337585034013605,0.15832521908471275,0.4228416043507818,0.3918863821690677,0.4424127285680361,0.5072103004291846,0.476478727084054,0.08650816384989975,0.5099360053890198,0.45200260198866277,0.05102040816326531,0.07648494711147275,0.06932773109243698,0.1284445456615805,0.46322164696688484,0.05729967069154775,0.09193776520509193
Newar (Dolakha),0.5392084198043285,0.5895936271049712,0.5147548786292242,0.9991909385113269,0.11590106007067137,0.49840300943998866,0.5384615384615384,0.5408436966593514,0.536797081393886,0.5555555555555556,0.3975531389026199,0.04709703613479497,0.12319840539711745,0.42274881516587676,0.4806972789115646,0.18510223953261928,0.46227056424201224,0.42314487632508835,0.4840892899548801,0.6036051502145923,0.5167762020062262,0.11844743626468061,0.5524868081284383,0.49902425425146363,0.04921968787515006,0.07323026851098453,0.07282913165266107,0.12525620587565475,0.5115756569307415,0.05312843029637761,0.08958038661008957
Nias,0.30506967091609843,0.33366945648885754,0.37898619704902425,0.0186084142394822,0.03462897526501767,0.30342820640215773,0.23076923076923078,0.36527676176542306,0.3311108315511385,0.4935897435897436,0.10553633217993079,0.016240357287860333,0.08088009812940816,0.4014218009478673,0.4480442176870748,0.10155793573515093,0.42895989123045547,0.24667029083990213,0.35205414390881024,0.32248927038626607,0.32704946385333794,0.05786307648238327,0.3875603457954418,0.31446891552829664,0.024809923969587835,0.036208299430431246,0.018907563025210083,0.07674789341835572,0.34599980463026275,0.02239297475301866,0.04101838755304102
Nivkh (South Sakhalin),0.18018084790987252,0.24291620449732781,0.18265111851499286,0.023462783171521034,0.028268551236749116,0.15160763716374476,0.36923076923076925,0.17763960009753718,0.2297144294879859,0.21367521367521367,0.31426099851705386,0.7945594803085668,0.6465808034345293,0.17535545023696683,0.2039965986394558,0.75365141187926,0.167912984364378,0.14107094319108454,0.1462835431014011,0.21656652360515022,0.1761501210653753,0.7328845602979089,0.24677220163916022,0.13400241613232972,0.7979191676670668,0.7917005695687551,0.6862745098039216,0.7900250512411752,0.15815180228582593,0.7914379802414928,0.8613861386138614
Norwegian,0.929884375926475,0.9350610063527276,0.9346739647786768,0.12055016181229773,0.3413427561837456,0.9135495776847186,0.8,0.927822482321385,0.9373506101396402,0.9294871794871795,0.3394710825506673,0.24198132358911897,0.2956148420729838,0.814218009478673,0.9008503401360545,0.37370983446932815,0.8796736913664174,0.8545120956781734,0.8845879838518167,0.9253218884120171,0.9188861985472155,0.24004583213978803,0.9440889188278881,0.890623547997398,0.1906762705082033,0.274206672091131,0.23599439775910364,0.3217945798223639,0.9121813031161473,0.2026344676180022,0.2814710042432815
Oirat,0.27230951675066706,0.3175355450236967,0.2486910994764398,0.03802588996763754,0.0607773851590106,0.22130740293846263,0.6307692307692307,0.2482321385028042,0.30783746383192856,0.3034188034188034,0.38185862580326246,0.9143321153065368,0.765639374425023,0.23127962085308057,0.25756802721088434,0.8551119766309639,0.22637661454792657,0.200258222343028,0.21253858940869153,0.2818025751072961,0.25095122794880664,0.8435978229733601,0.3150331200179634,0.2091813028528947,0.9019607843137255,0.9247355573637104,0.8417366946778712,0.8893190617171487,0.23942561297255055,0.9225027442371021,0.9641678453559641
Oriya,0.6067299140231248,0.6363819703539377,0.5792479771537363,0.2977346278317152,0.14558303886925794,0.5791042657392292,0.4307692307692308,0.6238722262862716,0.5956724116241037,0.5662393162393162,0.25803262481463174,0.02882663418595209,0.1335479914136768,0.45402843601895737,0.561139455782313,0.18977604673807205,0.5431679129843644,0.46221799402011415,0.5459510805034433,0.6135622317596566,0.5901937046004843,0.11085648811228874,0.6048052093858762,0.5523650218381191,0.03861544617847139,0.05695687550854353,0.03991596638655462,0.120018219084491,0.5888443880042982,0.04456641053787047,0.07024988213107025
Panjabi,0.633782982508153,0.6531209034990421,0.5942408376963351,0.9182847896440129,0.2303886925795053,0.6015331109376109,0.7384615384615385,0.6277737137283589,0.6197005912693421,0.5833333333333334,0.5392980721700444,0.16524563540397888,0.21703465194725544,0.4819905213270142,0.5642006802721088,0.30963972736124634,0.5261726716519375,0.506727371568361,0.5398955117549276,0.66,0.601089588377724,0.19879690633056432,0.624677220163916,0.5610073413251556,0.1360544217687075,0.19772172497965826,0.1715686274509804,0.23183785014803007,0.574387027449448,0.14226125137211856,0.21782178217821782
Papiamentu,0.6559442632671213,0.651910860139155,0.6089957163255593,0.14563106796116504,0.0911660777385159,0.6085598694016608,0.5846153846153846,0.6650816873933187,0.6308969681720972,0.5705128205128205,0.5516559565002471,0.15753146569224524,0.2099049371358479,0.5052132701421801,0.5847789115646258,0.2865628042843233,0.540448674371176,0.5256183745583038,0.553075279031109,0.6685836909871244,0.6259944655828433,0.19177885992552277,0.6458964859099584,0.5913019236130471,0.12965186074429771,0.18144833197721724,0.16526610644257703,0.22409473923935322,0.5989059294715249,0.14050493962678376,0.21216407355021216
Polish,0.9284761340053365,0.9461530704850257,0.9377677296525464,0.1925566343042071,0.31236749116607776,0.9222797927461139,0.7384615384615385,0.9274567178736893,0.913699836457416,0.9508547008547008,0.37765694513099357,0.3909866017052375,0.39964734743943575,0.8037914691943128,0.8953231292517007,0.46669912366114896,0.9095853161114887,0.8583854308235934,0.8962241747803372,0.9227467811158798,0.9159460394327222,0.33829848181036953,0.9367912877512069,0.894340674658489,0.33873549419767907,0.41700569568755086,0.3760504201680672,0.44818947847870644,0.9156002735176321,0.3437980241492865,0.42102781706742104
Portuguese,0.9233619922917284,0.9387919733790461,0.9336030461684912,0.19336569579288027,0.3399293286219081,0.9211441550145504,0.6923076923076923,0.9380638868568641,0.9114354006793307,0.9636752136752137,0.31314878892733566,0.1611855460820138,0.25528978840846367,0.8222748815165877,0.8886904761904761,0.3267770204479065,0.8987083616587356,0.8825767871704268,0.89289954880076,0.9314163090128755,0.9215669318574887,0.2028072185620166,0.9228696530818458,0.8982436576526345,0.13885554221688676,0.19406021155410902,0.1722689075630252,0.2669095877932134,0.9140373156198105,0.1455543358946213,0.20980669495520982
Provençal,0.9110584049807293,0.9207421599273974,0.9244407425035698,0.2273462783171521,0.2791519434628975,0.8998509475477323,0.676923076923077,0.9108753962448184,0.891936092590263,0.9508547008547008,0.3568956994562531,0.23548518067397484,0.27920883164673416,0.8071090047393364,0.8712585034013606,0.3540408958130477,0.8599592114208022,0.8753057896167437,0.8720018997862741,0.9212875536480687,0.8975268073331027,0.23403036379260958,0.9128775120691591,0.8742681906885977,0.19287715086034413,0.2693246541903987,0.24929971988795518,0.3065360965611478,0.8923512747875354,0.1894621295279912,0.26874115983026875
Romanian,0.9249184702045656,0.9349601694060704,0.9300333174678724,0.10032362459546926,0.26007067137809187,0.9166016040882958,0.8,0.9290416971470373,0.9067807271354887,0.9358974358974359,0.35763717251606525,0.36825010150223303,0.3719717877951549,0.8350710900473933,0.8816326530612245,0.4595910418695229,0.8755948334466349,0.9316390323457461,0.8894561861790549,0.9302145922746781,0.9168972673815289,0.3384417072472071,0.9225328393398451,0.8836539355078524,0.31452581032412963,0.40235964198535396,0.3438375350140056,0.42951491687542703,0.9044641984956531,0.3187705817782656,0.4068835454974069
Romansch (Sursilvan),0.6835161577230952,0.6947665624684884,0.7049024274155165,0.020226537216828478,0.0558303886925795,0.6740009936830151,0.26153846153846155,0.6849548890514509,0.7268838847653792,0.7457264957264957,0.17943648047454275,0.04790905399918798,0.15493713584789942,0.6156398104265403,0.6718537414965986,0.1976630963972736,0.6308633582596873,0.6630198423484642,0.6189741154120162,0.7112446351931331,0.6895537876167416,0.12374677742767115,0.7453688110474908,0.6347923055478115,0.05222088835534214,0.07811228641171684,0.06092436974789916,0.1443862445912093,0.6663084888150825,0.05203073545554336,0.08533710513908534
Russian,0.8121108805217907,0.8123424422708481,0.7787958115183246,0.07928802588996764,0.27491166077738516,0.7750727517921783,0.7846153846153846,0.7921238722262862,0.778336897722984,0.7713675213675214,0.4866534849233811,0.9772634997969956,0.9126034958601656,0.6521327014218009,0.7309523809523809,0.974001947419669,0.6961250849762066,0.697675998912748,0.7052956542388982,0.8115021459227468,0.7756831546177794,0.9359782297336007,0.8013921634669361,0.7248396989127405,0.97218887555022,0.9951179820992677,0.8683473389355743,0.9621953996811661,0.7447494383120055,0.9800219538968167,0.9754832626119755
Rutul,0.08449451526830715,0.11081980437632348,0.08008091385054736,0.019417475728155338,0.0303886925795053,0.060046845056426996,0.38461538461538464,0.06949524506217995,0.08856459932066926,0.12179487179487179,0.2472812654473554,0.7003654080389768,0.5063630788101809,0.07772511848341232,0.0717687074829932,0.5222979552093476,0.08565601631543168,0.06176950258222343,0.07848492044644978,0.08257510729613735,0.0663265306122449,0.590518476081352,0.0999214101268665,0.06198308707369204,0.6914765906362546,0.6769731489015459,0.5805322128851541,0.6941471191072649,0.06916088697860702,0.7330406147091109,0.7685054219707685
Saami (Northern),0.5310554402608954,0.617525461329031,0.6063779152784389,0.02750809061488673,0.06996466431095406,0.5108950244871886,0.4153846153846154,0.5329188002926115,0.6666247326707762,0.6495726495726496,0.18351458230350964,0.06536743808363785,0.13761116222017786,0.5303317535545023,0.5664965986394558,0.19123661148977605,0.5710401087695445,0.47071215004077194,0.5286155307527903,0.5700429184549356,0.5445347630577655,0.1290461185906617,0.6406197372852812,0.49772325992008176,0.06182472989195678,0.09601301871440195,0.09523809523809523,0.14370302892279663,0.5352153951352936,0.059934138309549946,0.1074964639321075
Santali,0.48310109694633857,0.46465665019663205,0.4439552594002856,0.28236245954692557,0.09540636042402827,0.44516999077294345,0.6,0.5036576444769568,0.4541451754937728,0.4935897435897436,0.26211072664359863,0.07064555420219244,0.12618828580190125,0.3862559241706161,0.45637755102040817,0.16669912366114897,0.4262406526172672,0.3599483555313944,0.4149845642365234,0.4934763948497854,0.451400899342788,0.10097393297049556,0.48456270349163577,0.4469844809961899,0.061224489795918366,0.09275834011391375,0.10364145658263306,0.1393759963561831,0.4497411350981733,0.07091108671789242,0.11221122112211221
Sardinian,0.7030833086273347,0.7331854391449026,0.7404807234650167,0.04288025889967637,0.12014134275618374,0.7001206615089787,0.4,0.7161667885881492,0.7399672914832054,0.7905982905982906,0.22256549678695006,0.08485586682907025,0.17333639987733823,0.6293838862559241,0.70671768707483,0.22784810126582278,0.6417403127124405,0.6798722478934494,0.655782474471622,0.7504721030042918,0.7019197509512279,0.14351188771125753,0.7613113281688559,0.6600687668432302,0.07803121248499399,0.11350691619202603,0.09873949579831932,0.1662491459804145,0.6786167822604279,0.07464324917672886,0.12446958981612447
Seediq,0.4300326119181737,0.5067056569527074,0.509757258448358,0.021844660194174758,0.6084805653710247,0.4208247569025481,0.5384615384615384,0.48439405023165083,0.4859730783746383,0.6089743589743589,0.14273356401384082,0.020706455542021926,0.11752529898804048,0.4943127962085308,0.5187074829931972,0.17633885102239533,0.6233854520734194,0.34160097852677357,0.4780337212063643,0.44060085836909874,0.44794188861985473,0.10698940131767402,0.5130796003143595,0.4289564166898987,0.033813525410164066,0.050854353132628156,0.03081232492997199,0.1002049647005238,0.4873498095145062,0.0322722283205269,0.0627062706270627
Shan,0.4200266824785058,0.4668750630230917,0.38207996192289384,0.02912621359223301,0.06784452296819787,0.3858329192987437,0.3384615384615385,0.4185564496464277,0.429991193860863,0.344017094017094,0.16052891744933268,0.018270401948842874,0.10571910456915057,0.2862559241706161,0.3568877551020408,0.19717624148003896,0.2848402447314752,0.288597444957869,0.33828069342199,0.44927038626609445,0.3981321342096161,0.1144371240332283,0.42977433479285954,0.3547997398011337,0.03361344537815126,0.04963384865744508,0.0273109243697479,0.0922341152357094,0.39122789879847614,0.02810098792535675,0.056577086280056574
Sindhi,0.5478802253187074,0.5766864979328425,0.5070204664445502,0.08980582524271845,0.06925795053003533,0.5078429980836113,0.4461538461538462,0.5477932211655694,0.5513901119637691,0.4935897435897436,0.49604547701433516,0.0438489646772229,0.1399877338239804,0.404739336492891,0.4866496598639456,0.2213242453748783,0.4371176070700204,0.41227235661864636,0.46948468297316553,0.5649785407725322,0.5298339674852992,0.13291320538527643,0.5511395531604356,0.4858284546045907,0.05302120848339336,0.07689178193653377,0.06022408963585434,0.13163288544750626,0.508547426003712,0.054665203073545554,0.09193776520509193
Sinhala,0.7695671509042395,0.7511344156498941,0.7125178486435031,0.3284789644012945,0.31095406360424027,0.743700759457733,0.7076923076923077,0.7804194099000243,0.7124166561831677,0.7072649572649573,0.2829955511616411,0.048721071863580996,0.18399264029438822,0.5886255924170616,0.6812074829931973,0.25871470301850047,0.6390210740992522,0.6282957325360152,0.6612443600094989,0.7678969957081545,0.737201660325147,0.14179318246920652,0.7377343662288088,0.6911067744633398,0.06042416966786715,0.08665581773799837,0.06792717086834733,0.16192211341380094,0.720035166552701,0.06169045005488474,0.10419613389910419
Slovak,0.902683071449748,0.9188262579409096,0.912303664921466,0.17233009708737865,0.22685512367491167,0.9016253815033004,0.5846153846153846,0.9120946110704706,0.8900490627751918,0.938034188034188,0.324023727137914,0.3028826634185952,0.3418429929469488,0.7786729857819905,0.8678571428571429,0.40662122687439145,0.8857919782460911,0.8506387605327534,0.8687960104488245,0.9030042918454936,0.8968350051885161,0.2911773130908049,0.9214101268665095,0.8676702908651612,0.2623049219687875,0.32994304312449146,0.2857142857142857,0.38077886586199045,0.8941096024225847,0.2645444566410538,0.3422913719943423
Slovene,0.9186184405573673,0.9392961581123324,0.9330080913850547,0.12297734627831715,0.30742049469964666,0.9109234154304777,0.7230769230769231,0.924042916361863,0.9057743112341174,0.938034188034188,0.3633217993079585,0.3743402354851807,0.37243176939589084,0.8293838862559242,0.8898809523809523,0.4513145082765336,0.8932698844323589,0.8705490622451754,0.8842317739254334,0.9211158798283262,0.914821860947769,0.33171011171584075,0.9334231503312002,0.8856983551714525,0.3129251700680272,0.38812042310821804,0.34173669467787116,0.4240491915281257,0.905831786656247,0.31964873765093305,0.39368222536539366
Slovincian,0.467684553809665,0.5336291217101946,0.5130890052356021,0.019417475728155338,0.06713780918727916,0.45077720207253885,0.3076923076923077,0.4752499390392587,0.5167945653541326,0.5641025641025641,0.15484429065743946,0.060495330897279743,0.13040478380864765,0.4938388625592417,0.5040816326530613,0.1815968841285297,0.5751189666893269,0.4230089698287578,0.4437188316314415,0.48351931330472103,0.4725008647526807,0.11715840733314237,0.5762883125631526,0.42412415203048043,0.05682272909163665,0.09113100081366965,0.0742296918767507,0.13618765657025733,0.46029110090846925,0.0557628979143798,0.10042432814710042
Solon,0.14364067595612215,0.14016335585358475,0.16087577344121848,0.019417475728155338,0.024734982332155476,0.11917098445595854,0.27692307692307694,0.1598390636430139,0.16505220782488364,0.38461538461538464,0.2875679683638161,0.8997157937474625,0.6635234590616376,0.26492890995260665,0.14022108843537415,0.6959104186952288,0.26172671651937457,0.12557760260940473,0.1486582759439563,0.1382832618025751,0.13524731926668973,0.7908908622171298,0.16077242618165488,0.12991357680512963,0.8417366946778712,0.8873067534580961,0.9110644257703081,0.8034616260532909,0.13783334961414476,0.8722283205268935,0.933050447901933
Somali,0.7423658464275126,0.7251184834123223,0.794859590671109,0.04288025889967637,0.11731448763250883,0.726524238767833,0.6615384615384615,0.7852962692026335,0.7397156875078627,0.7072649572649573,0.3345279288185863,0.036946812829882256,0.16513339466421342,0.6682464454976303,0.716156462585034,0.21431353456669913,0.7709041468388851,0.6009785267735798,0.725243410116362,0.7560515021459228,0.7384123140781736,0.12188484674878258,0.7513191871561693,0.7096924077687947,0.05042016806722689,0.07445077298616762,0.05392156862745098,0.14803006148941017,0.7369346488228974,0.05159165751920966,0.08297972654408298
Sorbian (Lower),0.4816928550252001,0.5246546334576989,0.5283198476915755,0.04288025889967637,0.04876325088339223,0.4656114699410888,0.26153846153846155,0.4776883686905633,0.5266071203925022,0.6730769230769231,0.1652249134948097,0.07876573284612262,0.1367678626188286,0.4867298578199052,0.5204081632653061,0.17964946445959104,0.6077498300475866,0.43843435716227236,0.45939206839230584,0.5024892703862661,0.49040124524386025,0.11415067315955314,0.5854945548445043,0.4470774091627172,0.06762705082032813,0.10984540276647681,0.0861344537815126,0.14894101571396037,0.47914428055094266,0.06849615806805708,0.11221122112211221
Sorbian (Upper),0.6570560332048622,0.7232025814258344,0.6996668253212756,0.043689320388349516,0.06713780918727916,0.6257363900915608,0.3076923076923077,0.6242379907339674,0.7107812303434394,0.7670940170940171,0.25902125556104794,0.29070239545269994,0.2610395584176633,0.604739336492891,0.671343537414966,0.32687439143135344,0.7355540448674371,0.5926202772492525,0.6342911422464973,0.6734763948497854,0.650985818056036,0.2596677169865368,0.7428988436061524,0.6107239104172475,0.21608643457382953,0.306753458096013,0.3172268907563025,0.3236164882714644,0.6387613558659764,0.23336992316136115,0.3116454502593116
Spanish,0.9345538096649867,0.9508924069779167,0.947405997144217,0.10922330097087378,0.5575971731448763,0.9319327134644049,0.7076923076923077,0.9489148988051694,0.9240155994464713,0.9636752136752137,0.33526940187839843,0.18838814453917987,0.2742256976387611,0.8369668246445497,0.9022108843537415,0.34625121713729307,0.9170632222977566,0.898206034248437,0.9151033008786511,0.9398283261802575,0.9312521618817018,0.21841879117731308,0.9344335915572022,0.9123687389647802,0.1634653861544618,0.2225386493083808,0.2107843137254902,0.2894557048508312,0.9290807853863436,0.1712403951701427,0.23856671381423858
Sundanese,0.8733323450933886,0.8872642936371886,0.8895763921941933,0.12459546925566344,0.2826855123674912,0.8730924834977642,0.7076923076923077,0.9025847354303829,0.855327714177884,0.8696581196581197,0.31043005437469107,0.05075111652456354,0.18859245630174792,0.7464454976303317,0.9446428571428571,0.2554040895813048,0.8708361658735554,0.7506795324816526,0.8431488957492282,0.8769098712446352,0.8658768592182636,0.13921512460613006,0.8786347816324239,0.8493634420592882,0.06022408963585434,0.08624898291293735,0.0665266106442577,0.1696652243224778,0.8706652339552603,0.06103183315038419,0.09523809523809523
Swahili,0.899273643640676,0.9055157809821519,0.9054021894336031,0.08009708737864078,0.1823321554770318,0.9217829512385549,0.5076923076923077,0.9099000243842965,0.8704239526984526,0.8931623931623932,0.32649530400395455,0.14778725131952902,0.2394204231830727,0.7876777251184834,0.8506802721088436,0.3133398247322298,0.9041468388851122,0.7533297091600979,0.9174780337212064,0.896824034334764,0.8989968868903494,0.1900601546834718,0.877848882901089,0.8904376916643435,0.11904761904761904,0.17453213995117983,0.18067226890756302,0.24322477795490777,0.9154049037804044,0.12272228320526893,0.18293257897218293
Swedish,0.2250963533946042,0.19723706766159121,0.24964302712993813,0.01699029126213592,0.03180212014134275,0.22010078784867626,0.12307692307692308,0.24811021702023897,0.28670272990313245,0.43803418803418803,0.0453534354918438,0.012586276898091758,0.06524072370438516,0.34549763033175357,0.23537414965986395,0.04907497565725414,0.3460231135282121,0.225129111171514,0.21503205889337448,0.2230901287553648,0.23002421307506055,0.032512174162131195,0.269675536095206,0.2172660533407676,0.02300920368147259,0.03173311635475997,0.018907563025210083,0.06854930539740378,0.23512747875354106,0.01778265642151482,0.033003300330033
Tamil (Spoken),0.8043284909576045,0.7916708682061108,0.7601142313184198,0.5461165048543689,0.24946996466431096,0.7807509404499965,0.7846153846153846,0.8116313094367228,0.7650018870298151,0.75,0.4134948096885813,0.12423873325213154,0.22930082796688134,0.6208530805687204,0.7323979591836735,0.3064264849074976,0.6825288919102651,0.6693394944278337,0.7080265970078367,0.8100429184549356,0.775596679349706,0.17802921798911486,0.768159874256203,0.7330173775671406,0.11544617847138855,0.15785191212367777,0.13935574229691877,0.22978820314279208,0.7586206896551724,0.11986827661909989,0.1735030645921735
Tashlhiyt,0.33308627334716867,0.449631945144701,0.4547834364588291,0.024271844660194174,0.04946996466431095,0.33707147419973027,0.4461538461538462,0.4029504998780785,0.39300540948546986,0.49786324786324787,0.13136431043005437,0.025984571660576532,0.09398957375038332,0.5033175355450237,0.379421768707483,0.08471275559883155,0.5479265805574439,0.30905137265561294,0.38625029684160533,0.34163090128755363,0.3321515046696645,0.06774563162417645,0.4167508701021668,0.3698541027785522,0.035414165666266505,0.050854353132628156,0.0350140056022409,0.09974948758824868,0.37813812640422,0.03490669593852909,0.061291843470061294
Tatar,0.6171805514378891,0.6646163154179692,0.6417182294145645,0.06715210355987054,0.12579505300353358,0.5788203563063383,0.6923076923076923,0.6049743964886612,0.662221663102277,0.6431623931623932,0.5638902619871478,0.9780755176613886,0.8736583869978534,0.6113744075829384,0.5989795918367347,0.9557935735150925,0.6315431679129844,0.5369665670019027,0.5852529090477321,0.6460944206008584,0.587512971290211,0.9765110283586365,0.672167957786011,0.5561750766657374,0.9581832733093237,0.9886086248982913,0.9859943977591037,0.9537690731040765,0.580345804434893,0.9848518111964873,0.991041961338991
Telugu,0.4430032611918174,0.5146717757386307,0.41242265587815324,0.127831715210356,0.05088339222614841,0.40485485130243454,0.4461538461538462,0.46232626188734455,0.4606868788526859,0.42094017094017094,0.20378151260504201,0.023142509135200974,0.1274915670039865,0.33222748815165876,0.3929421768707483,0.23037974683544304,0.3521414004078858,0.337048110899701,0.3866065067679886,0.4647210300429185,0.42476651677620203,0.12489258092237181,0.4681711013809363,0.38397918409069787,0.03961584633853541,0.05858421480878763,0.03431372549019608,0.10772033705306308,0.42111946859431476,0.03776070252469813,0.06789250353606789
Tetun,0.4358879335902757,0.4494302712513865,0.4841742027605902,0.021035598705501618,0.04098939929328622,0.42330896444034355,0.27692307692307694,0.46171665447451843,0.45930305698830043,0.6047008547008547,0.1350716757291152,0.017864393016646368,0.10433915976694265,0.4658767772511848,0.48078231292517004,0.13446932814021423,0.495581237253569,0.4071079097580864,0.4336262170505818,0.4750214592274678,0.44664475959875477,0.06674305356631338,0.507353766700348,0.4166898987082985,0.02921168467386955,0.0467860048820179,0.024509803921568627,0.09906627191983602,0.4461267949594608,0.027661909989023053,0.055634134842055635
Thai,0.8528757782389564,0.8536855904003227,0.8238933841028082,0.2750809061488673,0.6247349823321555,0.8332032081765917,0.8615384615384616,0.8567422579858571,0.8095357906654925,0.8012820512820513,0.33267424616905583,0.11977263499796996,0.23045078196872126,0.6729857819905213,0.7814625850340136,0.29698149951314506,0.752549286199864,0.715275890187551,0.7622892424602232,0.8612875536480686,0.8260982359045314,0.18261243196791752,0.827326821600988,0.7854288634885234,0.11764705882352941,0.16517493897477625,0.15756302521008403,0.23138237303575496,0.8005274982905148,0.12162458836443468,0.1768033946251768
Tibetan (Modern Literary),0.3821523865994664,0.45114449934455986,0.3877915278438839,0.4894822006472492,0.4657243816254417,0.3453048477535666,0.6615384615384615,0.3745427944403804,0.40621461819096744,0.4166666666666667,0.2742214532871972,0.04912708079577751,0.11430542778288869,0.2957345971563981,0.35799319727891155,0.178286270691334,0.3201903467029232,0.2895487904321827,0.3435051056756115,0.41416309012875535,0.3667416118989969,0.10627327413348611,0.4277534523408555,0.34810891181117,0.0468187274909964,0.07445077298616762,0.06372549019607843,0.11204736961967661,0.367588160593924,0.0557628979143798,0.09382366808109383
Tswana,0.3749629410020753,0.32913179388928104,0.39064731080437887,0.019417475728155338,0.03674911660777385,0.39080133437433456,0.2153846153846154,0.41843452816386245,0.3382815448484086,0.5534188034188035,0.10269401878398418,0.015022330491270807,0.08172339773075743,0.404739336492891,0.3318877551020408,0.08977604673807206,0.46227056424201224,0.2796276162000544,0.3807884113037283,0.3765665236051502,0.5217917675544794,0.04841019765110283,0.3557875828000449,0.43072205185391693,0.025610244097639057,0.035394629780309196,0.02030812324929972,0.08130266454110681,0.46195174367490477,0.025027442371020857,0.05091937765205092
Tulu,0.17595612214645717,0.1981446001815065,0.18883864826273203,0.04692556634304207,0.028975265017667843,0.1630349918376038,0.18461538461538463,0.192514020970495,0.22166310227701597,0.2948717948717949,0.11591695501730104,0.014210312626877792,0.05979760809567617,0.1815165876777251,0.1818877551020408,0.10438169425511197,0.18354860639021073,0.12822777928784995,0.17109950130610307,0.19167381974248926,0.18350051885160845,0.053995989687768545,0.21926574604243854,0.15175169593903912,0.024409763905562223,0.03336045565500407,0.02030812324929972,0.06467774994306535,0.1839406075998828,0.025466520307354554,0.04856199905704856
Turkish,0.9246219982211681,0.9327417565796108,0.935149928605426,0.15453074433656958,0.3392226148409894,0.9176662644616367,0.7846153846153846,0.9335527920019507,0.9085419549628884,0.9230769230769231,0.4476025704399407,0.34957369062119364,0.35970561177552896,0.9279620853080569,0.8916666666666667,0.44011684518013633,0.8898708361658736,0.8433677629790703,0.9073854191403468,0.9248068669527897,0.911449325492909,0.3254081924949871,0.9288200291905243,0.8944336028250163,0.2863145258103241,0.38120423108218066,0.3487394957983193,0.42541562286495105,0.9125720425906028,0.3108671789242591,0.3950966525223951
Turkmen,0.6377853542840202,0.6691539780175456,0.6869347929557353,0.020226537216828478,0.07561837455830389,0.6197742920008518,0.35384615384615387,0.6578883199219703,0.6581959994967921,0.6858974358974359,0.23863074641621354,0.24725943970767356,0.25321987120515177,0.7,0.6659863945578232,0.32512171372930865,0.7036029911624745,0.5423348736069584,0.6403467109950131,0.6381974248927038,0.6223625043237634,0.25522772844457176,0.7098910968900864,0.5927887742774836,0.20868347338935575,0.2819365337672905,0.2689075630252101,0.31131860624003643,0.6358308098075608,0.213172338090011,0.2989156058462989
Tuvan,0.42973613993477616,0.5113441564989412,0.42539267015706805,0.04288025889967637,0.10600706713780919,0.3860458513734119,0.7692307692307693,0.41636186296025357,0.46748018618694176,0.4658119658119658,0.4383341571922887,0.9874137231019082,0.874655013799448,0.3872037914691943,0.3861394557823129,0.956475170399221,0.3840924541128484,0.3393585213373199,0.3899311327475659,0.45261802575107296,0.39916983742649603,0.9868232598109424,0.47501964746828335,0.36009664529318836,0.9781912765106042,0.9938974776240846,0.9859943977591037,0.9524026417672512,0.38829735274006055,0.9861690450054885,0.991984912776992
Udmurt,0.4225466943373851,0.5008571140465866,0.4334840552118039,0.02831715210355987,0.0685512367491166,0.37625097593867557,0.6,0.4056327724945135,0.478424959114354,0.5170940170940171,0.4131240731586752,0.952090946000812,0.7994480220791168,0.3924170616113744,0.4142006802721088,0.8794547224926972,0.4343983684568321,0.34200869801576517,0.4058418427926858,0.44068669527897,0.3962296783120028,0.8582068175307934,0.4811945660716291,0.3720843787752068,0.9231692677070829,0.9462978030919447,0.8249299719887955,0.9016169437485766,0.39454918433134706,0.9433589462129528,0.9575671852899575
Ukrainian,0.775126000592944,0.7927800746193405,0.7404807234650167,0.10032362459546926,0.29823321554770316,0.7359642274114557,0.6461538461538462,0.7573762496951963,0.7496540445339036,0.7628205128205128,0.4838111715274345,0.9407226958993098,0.8843146274149034,0.6085308056872037,0.6903061224489796,0.9394352482960078,0.6893269884432359,0.6645148138081001,0.6719306578009974,0.7805150214592275,0.7439467312348669,0.875537095388141,0.7701807567082071,0.6872037914691943,0.9647859143657463,0.9532139951179821,0.7780112044817927,0.9218856752448189,0.7088990915307218,0.9391877058177827,0.9165487977369166
Uyghur,0.532686036169582,0.5617626298275689,0.5486673012851023,0.029935275080906147,0.3201413427561837,0.5044360848889204,0.5230769230769231,0.5751036332601804,0.5625864888665241,0.5534188034188035,0.5017301038062284,0.38773853024766547,0.3199172033118675,0.6194312796208531,0.536734693877551,0.43047711781889,0.6363018354860639,0.4440744767599891,0.5182854428876751,0.5486695278969957,0.5166897267381529,0.39974219421369234,0.5720220051644774,0.49549298392342717,0.35114045618247297,0.44914564686737185,0.47829131652661067,0.41903894329309954,0.5239816352447006,0.3716794731064764,0.41725601131541723
Veps,0.5943522087162764,0.6869012806292225,0.6734888148500714,0.061488673139158574,0.08692579505300353,0.5746326921711974,0.38461538461538464,0.6008290660814436,0.6880110705749151,0.7051282051282052,0.24604547701433516,0.2496954933008526,0.24225697638761115,0.5990521327014218,0.6511904761904762,0.3044790652385589,0.6363018354860639,0.5527996738244088,0.6075753977677512,0.6387124463519314,0.5999654098927707,0.24634775136064166,0.6972044459413944,0.5743889973050832,0.20188075230092037,0.28315703824247357,0.2535014005602241,0.2910498747437941,0.6155123571358797,0.21075740944017562,0.29985855728429983
Vietnamese,0.9252890601838126,0.9238681052737723,0.9137315564017134,0.18042071197411003,0.7406360424028269,0.9095038682660231,0.7384615384615385,0.9246525237746891,0.8904264687382061,0.9294871794871795,0.3788927335640138,0.3516037352821762,0.3654553817847286,0.795260663507109,0.879421768707483,0.44819863680623173,0.8715159755268524,0.8125169883120413,0.874020422702446,0.9205150214592275,0.9100657212037357,0.32583786880549986,0.8989558773997979,0.8795650961806524,0.2961184473789516,0.37835638730675347,0.32142857142857145,0.4097016624914598,0.8969424636123864,0.3012074643249177,0.3965110796793965
Welsh,0.885117106433442,0.874760512251689,0.8726796763445979,0.14158576051779936,0.22402826855123675,0.8601746043012279,0.5230769230769231,0.8651548402828578,0.8484086048559567,0.8717948717948718,0.3416955017301038,0.21112464474218431,0.2600429316160687,0.7568720379146919,0.8177721088435375,0.3450827653359299,0.7845003399048266,0.7591736885023104,0.8084777962479222,0.883519313304721,0.864147353856797,0.22400458321397881,0.8761648141910857,0.8245516215965059,0.1674669867947179,0.24247355573637103,0.20868347338935575,0.28740605784559325,0.8506398358894207,0.17804610318331504,0.25742574257425743
Wolof,0.4330714497479988,0.463446606836745,0.569728700618753,0.021844660194174758,0.039575971731448764,0.41883739087231175,0.2,0.4952450621799561,0.4726380676814694,0.6196581196581197,0.1625061789421651,0.040194884287454324,0.1114688745783502,0.5061611374407583,0.4648809523809524,0.13349561830574488,0.6335825968728755,0.3567545528676271,0.466278793635716,0.42506437768240346,0.4515738498789346,0.08106559725007162,0.5012911193443359,0.4439178515007899,0.044017607042817125,0.07119609438567942,0.049019607843137254,0.120018219084491,0.4616586890690632,0.047639956092206365,0.07873644507307874
Xhosa,0.5391343018084791,0.4579005747705959,0.510590195145169,0.0186084142394822,0.05088339222614841,0.5646248846617928,0.23076923076923078,0.5635210924164837,0.4676059881746132,0.6047008547008547,0.14409293129016312,0.0194884287454324,0.10433915976694265,0.4928909952606635,0.4589285714285714,0.12930866601752677,0.6165873555404486,0.39501223158466975,0.5531940156732368,0.503175965665236,0.6242649602213767,0.05528501861930679,0.5052206130010104,0.6828361676424124,0.031612645058023206,0.044751830756712775,0.029411764705882353,0.10430425871099977,0.6382729315229071,0.03336992316136114,0.056577086280056574
Yakut,0.515490661132523,0.5781990521327014,0.5048786292241789,0.04854368932038835,0.21625441696113074,0.47994889630207965,0.7384615384615385,0.49841502072665206,0.5540319537048686,0.5363247863247863,0.45909540286702916,0.9667072675598863,0.8475927629561484,0.4146919431279621,0.46437074829931974,0.9458617332035053,0.44119646498980286,0.4022152758901876,0.4541676561386844,0.5433476394849786,0.4919578000691802,0.9255227728444572,0.5486695857190973,0.44800669082798994,0.9431772709083633,0.9768104149715215,0.9061624649859944,0.9430653609656114,0.4741623522516362,0.9734357848518111,0.991984912776992
Yazva,0.17336199229172844,0.17737218917011194,0.16408852927177534,0.029935275080906147,0.0353356890459364,0.1477038824614948,0.4307692307692308,0.17837112899292856,0.20983771543590388,0.2905982905982906,0.32192288680177955,0.9748274462038165,0.7562864152100582,0.1990521327014218,0.16717687074829932,0.8012658227848102,0.21210061182868797,0.13828486001630877,0.14758964616480647,0.1806008583690987,0.16205465236942235,0.8169578917215697,0.20343550016840686,0.14654771861351176,0.9097639055622249,0.9389747762408462,0.7801120448179272,0.8852197677066728,0.15570968057047962,0.9306256860592755,0.9410655351249411
Yiddish (Lithuanian),0.4088348651052476,0.5049914288595342,0.40528319847691574,0.05339805825242718,0.06643109540636043,0.3843423947760664,0.35384615384615387,0.38697878566203364,0.4657189583595421,0.36538461538461536,0.24752842313395948,0.19732034104750304,0.1971021159153634,0.2919431279620853,0.37168367346938774,0.29795520934761444,0.29775662814411963,0.3103424843707529,0.3538351935407267,0.45313304721030045,0.39891041162227603,0.2038097966198797,0.4600875715729202,0.3545209553015519,0.16306522609043617,0.23759153783563874,0.20378151260504201,0.24572990207242085,0.37882192048451696,0.1650933040614709,0.24516737388024518
Yurt Tatar,0.15735250518825972,0.15196127861248362,0.14707282246549264,0.020226537216828478,0.0303886925795053,0.12783022215913123,0.26153846153846155,0.1633747866374055,0.17322933702352497,0.2948717948717949,0.31277805239742956,0.9236703207470565,0.7590463048144741,0.2127962085308057,0.14914965986394557,0.76952288218111,0.20938137321549966,0.13114976895895625,0.1459273331750178,0.1567381974248927,0.13922518159806296,0.870380979661988,0.17727629953968788,0.13734783012731158,0.9257703081232493,0.9336859235150529,0.9159663865546218,0.8897745388294238,0.13441437921265995,0.9598243688254665,0.9448373408769448
